Country,holidayName,effectLevel
Vietnam,Tết Nguyen Dan (Vietnamese New Year),Low
Vietnam,Tết Eve (Vietnamese New Year),Low
Serbia,Serbian New Year,Low
Macedonia FYRO,Orthodox New Year,Low
Russia,New Year's Holiday Week,Low
Armenia,New Year's Holiday,Low
Serbia,New Year's Holiday,Low
Ukraine,New Year's Day Holiday,Low
United States,New Year's Day (Observed),Meduim
Australia,New Year's Day (Observed),Low
Canada,New Year's Day (Observed),Low
Hong Kong S.A.R.,New Year's Day (Observed),Meduim
Jamaica,New Year's Day (Observed),Low
Japan,New Year's Day (Observed),Low
Kenya,New Year's Day (Observed),Low
Lebanon,New Year's Day (Observed),Low
Macedonia FYRO,New Year's Day (Observed),Low
Nigeria,New Year's Day (Observed),Low
Puerto Rico,New Year's Day (Observed),Low
South Africa,New Year's Day (Observed),Low
Trinidad and Tobago,New Year's Day (Observed),Low
United Kingdom,New Year's Day (Observed),Low
Vietnam,New Year's Day (Observed),Low
Azerbaijan,New Year's Day (Observed),Low
Thailand,New Year's Day (Observed),Low
Angola,New Year's Day (Observed),Low
Bahrain,New Year's Day (Observed),Low
Kuwait,New Year's Day (Observed),Low
Congo (Democratic Republic of),New Year's Day (Observed),Low
Argentina,New Year's Day (bridge),Low
Kazakhstan,New Year's Day (4th Day),Low
Kazakhstan,New Year's Day (3rd Day),Low
United Kingdom,New Year's Day (2nd Day) (Scotland) (Observed),Low
United Kingdom,New Year's Day (2nd Day) (Scotland),Low
Albania,New Year's Day (2nd Day),Low
Azerbaijan,New Year's Day (2nd Day),Low
Georgia,New Year's Day (2nd Day),Low
Kazakhstan,New Year's Day (2nd Day),Low
Montenegro,New Year's Day (2nd Day),Low
Egypt,23rd of July Revolution Day,Low
Romania,New Year's Day (2nd Day),Low
Serbia,New Year's Day (2nd Day),Low
Slovenia,New Year's Day (2nd Day),Low
Korea,New Year's Day - Sinjeong,Low
Albania,New Year's Day,Low
Algeria,New Year's Day,Low
Andorra,New Year's Day,Low
Angola,New Year's Day,Low
Argentina,New Year's Day,Low
Armenia,New Year's Day,Low
Australia,New Year's Day,Low
Austria,New Year's Day,Low
Azerbaijan,New Year's Day,Low
Bahrain,New Year's Day,Low
Belarus,New Year's Day,Low
Belgium,New Year's Day,Low
Bolivia,New Year's Day,Low
Bosnia and Herzegovina,New Year's Day,Low
Brazil,New Year's Day,Low
Brunei,New Year's Day,Low
Bulgaria,New Year's Day,Low
Canada,New Year's Day,Low
Chile,New Year's Day,Low
China,New Year's Day,Meduim
Colombia,New Year's Day,Low
Congo (Democratic Republic of),New Year's Day,Low
Costa Rica,New Year's Day,Low
Croatia,New Year's Day,Low
Cyprus,New Year's Day,Low
Czechia,New Year's Day,Low
Denmark,New Year's Day,Low
Dominican Republic,New Year's Day,Low
Ecuador,New Year's Day,Low
Egypt,New Year's Day,Low
El Salvador,New Year's Day,Low
Equatorial Guinea,New Year's Day,Low
Estonia,New Year's Day,Low
Finland,New Year's Day,Low
France,New Year's Day,Low
Georgia,New Year's Day,Low
Germany,New Year's Day,Low
Greece,New Year's Day,Low
Guatemala,New Year's Day,Low
Honduras,New Year's Day,Low
Hong Kong S.A.R.,New Year's Day,Meduim
Hungary,New Year's Day,Low
Iceland,New Year's Day,Low
Egypt,25th of January Revolution Day,Low
Iraq,New Year's Day,Low
Ireland,New Year's Day,Low
Italy,New Year's Day,Low
Jamaica,New Year's Day,Low
Japan,New Year's Day,Low
Jordan,New Year's Day,Low
Kazakhstan,New Year's Day,Low
Kenya,New Year's Day,Low
Kuwait,New Year's Day,Low
Latvia,New Year's Day,Low
Lebanon,New Year's Day,Low
Liechtenstein,New Year's Day,Low
Lithuania,New Year's Day,Low
Luxembourg,New Year's Day,Low
Macao S.A.R.,New Year's Day,Meduim
Macedonia FYRO,New Year's Day,Low
Malaysia,New Year's Day,Low
Malta,New Year's Day,Low
Mexico,New Year's Day,Low
Moldova,New Year's Day,Low
Monaco,New Year's Day,Low
Montenegro,New Year's Day,Low
Morocco,New Year's Day,Low
Netherlands,New Year's Day,Low
New Zealand,New Year's Day,Low
Nicaragua,New Year's Day,Low
Nigeria,New Year's Day,Low
Norway,New Year's Day,Low
Oman,New Year's Day,Low
Panama,New Year's Day,Low
Paraguay,New Year's Day,Low
Bahrain,Accession Day,Low
Peru,New Year's Day,Low
Bahrain,Accession Day (Observed),Low
Puerto Rico,Administrative Professionals Day,Low
United States,Administrative Professionals Day,Low
Sweden,All Hallows' Eve,Meduim
Andorra,All Saints' Day,Meduim
Austria,All Saints' Day,Meduim
Belgium,All Saints' Day,Meduim
Bosnia and Herzegovina,All Saints' Day,Meduim
Brazil,All Saints' Day,Meduim
Chile,All Saints' Day,Meduim
Christian Religious Holidays,All Saints' Day,Meduim
Croatia,All Saints' Day,Meduim
France,All Saints' Day,Meduim
Germany,All Saints' Day,Meduim
Guatemala,All Saints' Day,Meduim
Holy See (Vatican City),All Saints' Day,Meduim
Hungary,All Saints' Day,Meduim
Italy,All Saints' Day,Meduim
Lebanon,All Saints' Day,Meduim
Liechtenstein,All Saints' Day,Meduim
Lithuania,All Saints' Day,Meduim
Luxembourg,All Saints' Day,Meduim
Mexico,All Saints' Day,Meduim
Monaco,All Saints' Day,Meduim
Nicaragua,All Saints' Day,Meduim
Peru,All Saints' Day,Meduim
Philippines,All Saints' Day,Meduim
Poland,All Saints' Day,Meduim
Portugal,All Saints' Day,Meduim
San Marino,All Saints' Day,Meduim
Slovakia,All Saints' Day,Meduim
Spain,All Saints' Day,Meduim
Switzerland,All Saints' Day,Meduim
Venezuela,All Saints' Day,Meduim
Finland,All Saints' Day,Meduim
Sweden,All Saints' Day,Meduim
Norway,All Saints' Day,Meduim
Colombia,All Saints' Day,Meduim
Venezuela,All Saints' Day Bank Holiday,Meduim
Bosnia and Herzegovina,All Souls' Day,Meduim
Angola,All Souls' Day,Meduim
Belgium,All Souls' Day,Meduim
Bolivia,All Souls' Day,Meduim
Brazil,All Souls' Day,Meduim
Costa Rica,All Souls' Day,Meduim
Ecuador,All Souls' Day,Meduim
El Salvador,All Souls' Day,Meduim
Hungary,All Souls' Day,Meduim
Macao S.A.R.,All Souls' Day,Meduim
Mexico,All Souls' Day,Meduim
San Marino,All Souls' Day,Meduim
Uruguay,All Souls' Day,Meduim
Venezuela,All Souls' Day,Meduim
Angola,All Souls' Day (Observed),Meduim
Iraq,Alponja,Low
Philippines,New Year's Day,Low
Poland,New Year's Day,Low
Portugal,New Year's Day,Low
Costa Rica,Anexión de Guanacaste,Low
San Marino,Anniversary of St. Agatha and Liberation of San Marino,Low
San Marino,Anniversary of the Arengo,Low
Ecuador,Anniversary of the Battle of Pichincha,Low
Mexico,Anniversary of the Battle of Puebla,Low
Mexico,Anniversary of the Constitution,Low
Holy See (Vatican City),Anniversary of the Election of Pope Francis,Low
San Marino,Anniversary of the Foundation of San Marino,Low
Argentina,Anniversary of the May Revolution,Low
Mexico,Anniversary of the Mexican Revolution,Low
Iraq,Anniversary of the Shiite Uprising,Low
Australia,Anzac Day,Low
New Zealand,Anzac Day,Low
Australia,Anzac Day (Observed),Low
Philippines,Aquino Day,Low
Islamic (Shia) Religious Holidays,Arafat,Low
Islamic (Sunni) Religious Holidays,Arafat,Low
Kuwait,Arafat,Low
United Arab Emirates,Arafat,Low
Bahrain,Arafat Day,Low
Bahrain,Arafat Day (Observed),Low
Iran,Arbaeen,Low
Islamic (Shia) Religious Holidays,Arba'een,Low
Brunei,Armed Forces Day,Low
Azerbaijan,Armed Forces Day,Low
Chile,Armed Forces Day,Low
Egypt,Armed Forces Day,Low
Brunei,Armed Forces Day (Observed),Low
Azerbaijan,Armed Forces Day (Observed),Low
Armenia,Armenian Rememberance Day,Low
Serbia,Armistice Day,Low
Belgium,Armistice Day 1918,Low
France,Armistice Day 1918,Low
Iraq,Army Day,Low
Armenia,Army Day,Low
Honduras,Army Day,Low
Congo (Democratic Republic of),Army Day,Low
Guatemala,Army Day,Low
China,Army's Day,Low
Thailand,Asalaha Bucha Day,Low
Thailand,Asalaha Bucha Day (Observed),Low
Andorra,Ascension,Low
Austria,Ascension,Low
Belgium,Ascension,Low
Denmark,Ascension,Low
Finland,Ascension,Low
France,Ascension,Low
Germany,Ascension,Low
Iceland,Ascension,Low
Liechtenstein,Ascension,Low
Luxembourg,Ascension,Low
Monaco,Ascension,Low
Netherlands,Ascension,Low
Norway,Ascension,Low
Sweden,Ascension,Low
Switzerland,Ascension,Low
Colombia,Ascension,Low
Romania,Ascension,Low
Venezuela,Ascension,Low
Christian Religious Holidays,Ascension - Eastern,Low
Christian Religious Holidays,Ascension - Western,Low
Venezuela,Ascension Bank Holiday,Low
Greece,Ash Monday,Low
Brazil,Ash Wednesday,Low
Jamaica,Ash Wednesday,Low
Panama,Ash Wednesday,Low
Poland,Ash Wednesday,Low
Spain,Ash Wednesday,Low
Trinidad and Tobago,Ash Wednesday,Low
Puerto Rico,Ash Wednesday,Low
Christian Religious Holidays,Ash Wednesday - Western,Low
Algeria,Ashoora,Low
Bahrain,Ashoora,Low
Iraq,Ashoora,Low
Islamic (Shia) Religious Holidays,Ashoora,Low
Islamic (Sunni) Religious Holidays,Ashoora,Low
Lebanon,Ashoora,Low
Pakistan,Ashoora,Low
Pakistan,Ashoora (2nd Day),Low
Bahrain,Ashoora (Observed),Low
Lebanon,Ashoora (Observed),Low
Bahrain,Ashoora Eve,Low
Iran,Ashura,Low
Andorra,Assumption,Low
Austria,Assumption,Low
Belgium,Assumption,Low
Bosnia and Herzegovina,Assumption,Low
Chile,Assumption,Low
Christian Religious Holidays,Assumption,Low
Croatia,Assumption,Low
Cyprus,Assumption,Low
France,Assumption,Low
Germany,Assumption,Low
Greece,Assumption,Low
Guatemala,Assumption,Low
Holy See (Vatican City),Assumption,Low
Italy,Assumption,Low
Lebanon,Assumption,Low
Lithuania,Assumption,Low
Luxembourg,Assumption,Low
Malta,Assumption,Low
Monaco,Assumption,Low
Poland,Assumption,Low
Portugal,Assumption,Low
San Marino,Assumption,Low
Slovenia,Assumption,Low
Spain,Assumption,Low
Switzerland,Assumption,Low
Venezuela,Assumption,Low
Colombia,Assumption,Low
Lebanon,Assumption (Observed),Low
Venezuela,Assumption Bank Holiday,Low
Turkey,Atatürk Memorial & Youth and Sports Day,Low
Ireland,August Bank Holiday,Low
United Kingdom,August Bank Holiday (Scotland),Low
Vietnam,August Revolution Commemoration Day,Low
Australia,Australia Day,Low
Australia,Australia Day (Observed),Low
China,Autumn Begins,Low
China,Autumn Equinox,Low
Japan,Autumnal Equinox (Observed),Low
Japan,Autumnal Equinox Day,Low
Malaysia,Awal Muharam,Low
Qatar,Bank Holiday,Low
Uruguay,Bank Holiday (Holy Week),Low
Thailand,Bank Holiday,Low
Chile,Bank Holiday,Low
France,Bastille Day,Low
Peru,Battle of Angamos,Low
Colombia,Battle of Boyacá,Low
Venezuela,Battle of Carabobo,Low
Uruguay,Battle of Las Piedras,Low
Nicaragua,Battle of San Jacinto,Low
United Kingdom,Battle of the Boyne (N. Ireland),Low
United Kingdom,Battle of the Boyne (N. Ireland) (Observed),Low
Mexico,Benito Juarez's Birthday,Low
Argentina,Bicentenary of the Argentine Flag,Low
Uruguay,Birth of Gral. José Gervasio Artigas,Low
Liechtenstein,Birth of Mary,Low
Puerto Rico,Birthday of Don Luis Muñoz Rivera,Low
Puerto Rico,Birthday of Dr. José Celso Barbosa,Low
Puerto Rico,Birthday of Eugenio María de Hostos,Low
Iran,Birthday of Imam Ali,Low
Iran,Birthday of Imam Mahdi,Low
Puerto Rico,Birthday of José de Diego,Low
Puerto Rico,Birthday of Luis Muñoz Marín,Low
United States,Martin Luther King Day,Low
Philippines,Black Saturday,Low
Philippines,Bonifacio Day,Low
Paraguay,Boquerón Battle Day,Low
Australia,Boxing Day,Low
Canada,Boxing Day,Low
Jamaica,Boxing Day,Low
Kenya,Boxing Day,Low
New Zealand,Boxing Day,Low
Nigeria,Boxing Day,Low
Sweden,Boxing Day,Low
Trinidad and Tobago,Boxing Day,Low
United Kingdom,Boxing Day,Low
Australia,Boxing Day Bank Holiday,Meduim
Canada,Boxing Day Bank Holiday,Meduim
New Zealand,Boxing Day Bank Holiday,Meduim
Nigeria,Boxing Day Bank Holiday,Meduim
United Kingdom,Boxing Day Bank Holiday,Meduim
Jamaica,Boxing Day Bank Holiday,Meduim
Kenya,Boxing Day Holiday,Low
Bulgaria,Bridge Bulgarian Army Day (St. George's Day),Low
Bulgaria,Bridge St. Cyril and St. Methodius Day (Education & Culture Day),Low
Canada,British Columbia Day (British Columbia),Meduim
Hong Kong S.A.R.,Buddha's Birthday,Meduim
Macao S.A.R.,Buddha's Birthday,Meduim
Vietnam,Buddha's Birthday,Meduim
Korea,Buddha's Birthday - Seokgatansin-il,Meduim
Bulgaria,Bulgarian Army Day (St. George's Day),Low
Canada,Canada Day,Meduim
Bolivia,Candlemas,Low
Liechtenstein,Candlemas,Low
Kazakhstan,Capital City Day,Meduim
Kazakhstan,Capital City Day (Observed),Meduim
Vietnam,Capital Liberation Day,Meduim
Andorra,Carnival (1st Day),High
Argentina,Carnival (1st Day),High
Bolivia,Carnival (1st Day),High
Brazil,Carnival (1st Day),High
Ecuador,Carnival (1st Day),High
Luxembourg,Carnival (1st Day),High
Panama,Carnival,High
Puerto Rico,Carnival (1st Day),High
Trinidad and Tobago,Carnival (1st Day),High
Uruguay,Carnival (1st Day),High
Venezuela,Carnival (1st Day),High
Angola,Carnival,High
Argentina,Carnival (2nd Day),High
Bolivia,Carnival (2nd Day),High
Brazil,Carnival (2nd Day),High
Ecuador,Carnival (2nd Day),High
Portugal,Carnival,High
Puerto Rico,Carnival (2nd Day),High
Trinidad and Tobago,Carnival (2nd Day),High
Uruguay,Carnival (2nd Day),High
Venezuela,Carnival (2nd Day),High
Croatia,Carnival,High
Spain,Carnival Tuesday,Meduim
Paraguay,Chaco Armistice Day,Low
Thailand,Chakri Day,Meduim
Thailand,Chakri Day (Observed),Meduim
Macao S.A.R.,Cheng Ming Festival,Low
Japan,Children's Day,Meduim
Nigeria,Children's Day,Meduim
China,Children's Day,Meduim
Poland,Children's Day,Meduim
Romania,Children's Day,Meduim
Vietnam,Children's Day,Meduim
Thailand,Children's Day,Meduim
Hungary,Children's Day,Meduim
Nigeria,Children's Day (Observed),Meduim
Singapore,Children's Day,Meduim
Japan,Children's Day (Observed),Meduim
Korea,Children's Day - Eorininal,Meduim
Hong Kong S.A.R.,Ching Ming Festival,Low
Macao S.A.R.,Chong Chao Festival,Low
Macao S.A.R.,Chong Chao Festival (2nd Day),Low
Macao S.A.R.,Chong Yeung Festival,Low
Armenia,Christmas (2nd Day),High
Georgia,Christmas,High
Macedonia FYRO,Christmas,High
Moldova,Christmas,High
Montenegro,Christmas,High
Russia,Christmas,High
Serbia,Christmas,High
Moldova,Christmas (2nd Day),High
Montenegro,Christmas (2nd Day),High
Serbia,Christmas (2nd Day),High
United States,Christmas Eve,High
Congo (Democratic Republic of),Christmas,High
Equatorial Guinea,Christmas,High
Holy See (Vatican City),Christmas,High
Iraq,Christmas,High
Macao S.A.R.,Christmas,High
Nicaragua,Christmas,High
United States,Christmas Day,High
Vietnam,Christmas,High
Bulgaria,Christmas (2nd Day),High
Cyprus,Christmas (2nd Day),High
Denmark,Christmas (2nd Day),High
Estonia,Christmas (2nd Day),High
Germany,Christmas (2nd Day),High
Hungary,Christmas (2nd Day),High
Iceland,Christmas (2nd Day),High
Latvia,Christmas (2nd Day),High
Lithuania,Christmas (2nd Day),High
Norway,Christmas (2nd Day),High
Poland,Christmas (2nd Day),High
Romania,Christmas (2nd Day),High
Slovakia,Christmas (2nd Day),High
United States,Christmas Holiday (Observed),High
Congo (Democratic Republic of),Christmas (Observed),High
Brunei,Christmas (Observed),High
Macao S.A.R.,Christmas (Observed),High
Monaco,Christmas (Observed),High
Bosnia and Herzegovina,Christmas (Catholic),High
Egypt,Christmas (Coptic),High
Belarus,Christmas (Orthodox),High
Bosnia and Herzegovina,Christmas (Orthodox),High
Ukraine,Christmas (Orthodox),High
Ukraine,Christmas (Western),High
Angola,Christmas and Family Day,High
Australia,Christmas Bank Holiday,High
Canada,Christmas Bank Holiday,High
Jamaica,Christmas Bank Holiday,High
Nigeria,Christmas Bank Holiday,High
South Africa,Christmas Bank Holiday,High
United Kingdom,Christmas Bank Holiday,High
Ireland,Christmas Bank Holiday,High
New Zealand,Christmas Bank Holiday,High
Macedonia FYRO,Christmas Bank Holiday,High
Armenia,Christmas Day,High
Kazakhstan,Christmas Day,High
Albania,Christmas Day,High
Andorra,Christmas Day,High
Argentina,Christmas Day,High
Australia,Christmas Day,High
Austria,Christmas Day,High
Belgium,Christmas Day,High
Bolivia,Christmas Day,High
Brazil,Christmas Day,High
Brunei,Christmas Day,High
Bulgaria,Christmas Day,High
Canada,Christmas Day,High
Chile,Christmas Day,High
Colombia,Christmas Day,High
Costa Rica,Christmas Day,High
Croatia,Christmas Day,High
Cyprus,Christmas Day,High
Czechia,Christmas Day,High
Denmark,Christmas Day,High
Dominican Republic,Christmas Day,High
Ecuador,Christmas Day,High
El Salvador,Christmas Day,High
Estonia,Christmas Day,High
Finland,Christmas Day,High
France,Christmas Day,High
Germany,Christmas Day,High
Greece,Christmas Day,High
Guatemala,Christmas Day,High
Honduras,Christmas Day,High
Hong Kong S.A.R.,Christmas Day,High
Hungary,Christmas Day,High
Iceland,Christmas Day,High
Ireland,Christmas Day,High
Italy,Christmas Day,High
Jamaica,Christmas Day,High
Jordan,Christmas Day,High
Kenya,Christmas Day,High
Latvia,Christmas Day,High
Liechtenstein,Christmas Day,High
Lithuania,Christmas Day,High
Luxembourg,Christmas Day,High
Malaysia,Christmas Day,High
Malta,Christmas Day,High
Mexico,Christmas Day,High
Monaco,Christmas Day,High
Netherlands,Christmas Day,High
New Zealand,Christmas Day,High
Nigeria,Christmas Day,High
Norway,Christmas Day,High
Panama,Christmas Day,High
Paraguay,Christmas Day,High
Peru,Christmas Day,High
Philippines,Christmas Day,High
Poland,Christmas Day,High
Portugal,Christmas Day,High
Puerto Rico,Christmas Day,High
Romania,Christmas Day,High
San Marino,Christmas Day,High
Singapore,Christmas Day,High
Slovakia,Christmas Day,High
Slovenia,Christmas Day,High
South Africa,Christmas Day,High
Spain,Christmas Day,High
Sweden,Christmas Day,High
Switzerland,Christmas Day,High
Syria,Christmas Day,High
Thailand,Christmas Day,High
Trinidad and Tobago,Christmas Day,High
United Kingdom,Christmas Day,High
Uruguay,Christmas Day,High
Venezuela,Christmas Day,High
Lebanon,Christmas Day (Observed),High
Lebanon,Christmas Day - Armenian Orthodox,High
Lebanon,Christmas Day - Armenian Orthodox (Observed),High
Christian Religious Holidays,Christmas Day - Eastern,High
Korea,Christmas Day - Seongtanjeol,High
Christian Religious Holidays,Christmas Day - Western,High
Lebanon,Christmas Day - Western,High
Belarus,Christmas Day (Catholic),High
Armenia,Christmas Eve,High
Macedonia FYRO,Christmas Eve,High
Montenegro,Christmas Eve,High
Andorra,Christmas Eve,High
Argentina,Christmas Eve,High
Austria,Christmas Eve,High
Bolivia,Christmas Eve,High
Brazil,Christmas Eve,High
Bulgaria,Christmas Eve,High
Colombia,Christmas Eve,High
Congo (Democratic Republic of),Christmas Eve,High
Costa Rica,Christmas Eve,High
Croatia,Christmas Eve,High
Cyprus,Christmas Eve,High
Czechia,Christmas Eve,High
Denmark,Christmas Eve,High
Dominican Republic,Christmas Eve,High
Ecuador,Christmas Eve,High
El Salvador,Christmas Eve,High
Equatorial Guinea,Christmas Eve,High
Estonia,Christmas Eve,High
Finland,Christmas Eve,High
France,Christmas Eve,High
Germany,Christmas Eve,High
Greece,Christmas Eve,High
Guatemala,Christmas Eve,High
Honduras,Christmas Eve,High
Iceland,Christmas Eve,High
Ireland,Christmas Eve,High
Latvia,Christmas Eve,High
Liechtenstein,Christmas Eve,High
Lithuania,Christmas Eve,High
Luxembourg,Christmas Eve,High
Macao S.A.R.,Christmas Eve,High
Malta,Christmas Eve,High
Mexico,Christmas Eve,High
Monaco,Christmas Eve,High
Nigeria,Christmas Eve,High
Norway,Christmas Eve,High
Panama,Christmas Eve,High
Paraguay,Christmas Eve,High
Peru,Christmas Eve,High
Philippines,Christmas Eve,High
Poland,Christmas Eve,High
Portugal,Christmas Eve,High
Puerto Rico,Christmas Eve,High
San Marino,Christmas Eve,High
Slovakia,Christmas Eve,High
South Africa,Christmas Eve,High
Spain,Christmas Eve,High
Sweden,Christmas Eve,High
Venezuela,Christmas Eve,High
Bosnia and Herzegovina,Christmas Eve (Orthodox),High
Serbia,Christmas Holiday,High
Angola,Christmas Holiday,High
Bolivia,Christmas Holiday,High
Puerto Rico,Christmas Holiday,High
Singapore,Christmas Holiday,High
Kenya,Christmas Holiday,High
Trinidad and Tobago,Christmas Holiday,High
Ukraine,Christmas Holiday (Orthodox),High
Thailand,Chulalongkorn Day,Low
Thailand,Chulalongkorn Day (Observed),Low
Hong Kong S.A.R.,Chung Yeung Festival,Low
Canada,Civic Holiday (many provinces),Low
Panama,Colón Day,Low
China,Cold Dews,Low
Honduras,Columbus Day,Meduim
Mexico,Columbus Day,Meduim
Paraguay,Columbus Day,Meduim
United States,Columbus Day,Meduim
Puerto Rico,Columbus Day,Meduim
Chile,Columbus Day,Meduim
Colombia,Columbus Day,Meduim
Japan,Coming of Age Day,Low
Algeria,Commemoration Day,Low
Belarus,Commemoration Day,Low
Argentina,Commemoration of General Don Martín Miguel de Güemes,Low
Morocco,Commemoration of Green March,Low
Morocco,Commemoration of Wadi Al-Dahab,Low
Iceland,Commerce Day,Low
Andorra,Constitution Day,Low
Belarus,Constitution Day,Low
Montenegro,Constitution Day,Low
Japan,Constitution Day,Low
Poland,Constitution Day,Low
Norway,Constitution Day,Low
Denmark,Constitution Day,Low
Ukraine,Constitution Day,Low
Armenia,Constitution Day,Low
Uruguay,Constitution Day,Low
Puerto Rico,Constitution Day,Low
Equatorial Guinea,Constitution Day,Low
Kazakhstan,Constitution Day,Low
Slovakia,Constitution Day,Low
Spain,Constitution Day,Low
Thailand,Constitution Day,Low
Dominican Republic,Constitution Day,Low
Ukraine,Constitution Day (Observed),Low
Kazakhstan,Constitution Day (Observed),Low
Japan,Constitution Day (Observed),Low
Thailand,Constitution Day (Observed),Low
Korea,Constitution Day - Jeheonjeol,Low
Thailand,Coronation Day,Low
Thailand,Coronation Day (Observed),Low
Austria,Corpus Christi,Meduim
Bolivia,Corpus Christi,Meduim
Brazil,Corpus Christi,Meduim
Croatia,Corpus Christi,Meduim
Dominican Republic,Corpus Christi,Meduim
Germany,Corpus Christi,Meduim
Liechtenstein,Corpus Christi,Meduim
Monaco,Corpus Christi,Meduim
Poland,Corpus Christi,Meduim
Portugal,Corpus Christi,Meduim
San Marino,Corpus Christi,Meduim
Spain,Corpus Christi,Meduim
Switzerland,Corpus Christi,Meduim
Trinidad and Tobago,Corpus Christi,Meduim
Colombia,Corpus Christi,Meduim
Equatorial Guinea,Corpus Christi,Meduim
Venezuela,Corpus Christi,Meduim
Venezuela,Corpus Christi Bank Holiday,Meduim
Croatia,Croatian Uprising Day,Low
Slovenia,Culture Day,Low
Japan,Culture Day,Low
Japan,Culture Day (Observed),Low
Czechia,Czech Statehood Day (St. Wenceslas Day),Low
Czechia,Czechoslovak Independence Day,Low
Netherlands,Day After Ascension,Low
Puerto Rico,Day After Thanksgiving Day,Low
United States,Day After Thanksgiving Day,Low
Argentina,Day of Action for Tolerance and Respect among People,Low
Czechia,Day of Freedom and Democracy,Low
Germany,Day of German Unity,Low
South Africa,Day of Goodwill,Low
South Africa,Day of Goodwill (Observed),Low
Paraguay,Day of Heroes,Low
Venezuela,Day of Indigenous Resistance,Low
Argentina,Day of National Sovereignty,Low
Argentina,Day of National Sovereignty Public Holiday,Low
Germany,Day of Prayer and Repentance,Low
South Africa,Day of Reconciliation,Low
South Africa,Day of Reconciliation (Observed),Low
Belarus,Day of Remembrance,Low
Argentina,Day of Remembrance for Truth and Justice,Low
Argentina,Day of Remembrance for Truth and Justice (bridge),Low
Argentina,Day of Respect to Cultural Diversity,Low
Argentina,Day of Respect to Cultural Diversity Public Holiday,Low
Costa Rica,Day of the Cultures,Low
Slovakia,Day of the Establishment of the Slovak Republic,Low
Mexico,Day of the Holy Innocents,Low
Puerto Rico,Day of the Innocents,Low
Bulgaria,Day of the Leaders of the Bulgarian National Revival,Low
Bulgaria,Day of the Leaders of the Bulgarian National Revival (bridge),Low
Macedonia FYRO,Day of the Macedonian Revolution,Low
Macedonia FYRO,Day of the Macedonian Revolution (Observed),Low
Congo (Democratic Republic of),Day of the Martyrs,Low
Congo (Democratic Republic of),Day of the Martyrs (Observed),Low
Belarus,Day of the National Emblem and Flag of Belarus,Low
Russia,Day of the National Unity,Low
Russia,Day of the National Unity (Observed),Low
Mexico,Day of the President's Report,Low
Uruguay,Day of the Race,Low
Hungary,Day of the Revolution,Low
Bulgaria,Day of the Union of Bulgaria,Low
Bulgaria,Day of the Union of Bulgaria (bridge),Low
Argentina,Day of the Veterans,Low
Argentina,Day of the Veterans (bridge),Low
Philippines,Day of Valor,Low
Venezuela,Declaration of Independence Day,Low
Malaysia,Deepavali,Meduim
Singapore,Deepavali,Meduim
Kazakhstan,Defender of the Fatherland Day,Low
Kazakhstan,Defender of the Fatherland Day (Observed),Low
Lithuania,Defenders of Freedom Day,Low
Ukraine,Defenders of Ukraine Day,Low
Iran,Demise of Prophet Mohammed,Low
Turkey,Democracy and National Solidarity Day,Low
Nigeria,Democracy Day,Low
Nigeria,Democracy Day (Observed),Low
Canada,Discovery Day (Newfoundland and Labrador),Low
Canada,Discovery Day (Yukon),Low
Puerto Rico,Discovery of Puerto Rico,Low
Trinidad and Tobago,Diwali,Meduim
Trinidad and Tobago,Diwali (Observed),Meduim
Armenia,Dormition,Meduim
Christian Religious Holidays,Dormition,Meduim
Romania,Dormition,Meduim
Bosnia and Herzegovina,Dormition,Meduim
Macedonia FYRO,Dormition,Meduim
Macedonia FYRO,Dormition (Observed),Meduim
China,Double Ninth Festival,Low
China,Dragon Boat Festival,Low
Albania,Easter (Catholic),Meduim
Bosnia and Herzegovina,Easter (Catholic),Meduim
Syria,Easter (Gregorian),Meduim
Albania,Easter (Orthodox),Meduim
Bosnia and Herzegovina,Easter (Orthodox),Meduim
Syria,Easter (Orthodox),Meduim
Andorra,Easter Day,Meduim
Angola,Easter Day,Meduim
Armenia,Easter Day,Meduim
Australia,Easter Day,Meduim
Austria,Easter Day,Meduim
Belgium,Easter Day,Meduim
Bolivia,Easter Day,Meduim
Brazil,Easter Day,Meduim
Canada,Easter Day,Meduim
Chile,Easter Day,Meduim
Colombia,Easter Day,Meduim
Costa Rica,Easter Day,Meduim
Croatia,Easter Day,Meduim
Czechia,Easter Day,Meduim
Dominican Republic,Easter Day,Meduim
Ecuador,Easter Day,Meduim
El Salvador,Easter Day,Meduim
Estonia,Easter Day,Meduim
Finland,Easter Day,Meduim
Germany,Easter Day,Meduim
Guatemala,Easter Day,Meduim
Honduras,Easter Day,Meduim
Hong Kong S.A.R.,Easter Day,Meduim
Hungary,Easter Day,Meduim
Iceland,Easter Day,Meduim
Iraq,Easter Day,Meduim
Jamaica,Easter Day,Meduim
Kenya,Easter Day,Meduim
Liechtenstein,Easter Day,Meduim
Lithuania,Easter Day,Meduim
Macao S.A.R.,Easter Day,Meduim
Malta,Easter Day,Meduim
Mexico,Easter Day,Meduim
Monaco,Easter Day,Meduim
Netherlands,Easter Day,Meduim
New Zealand,Easter Day,Meduim
Nigeria,Easter Day,Meduim
Panama,Easter Day,Meduim
Paraguay,Easter Day,Meduim
Peru,Easter Day,Meduim
Poland,Easter Day,Meduim
Portugal,Easter Day,Meduim
San Marino,Easter Day,Meduim
Slovakia,Easter Day,Meduim
Slovenia,Easter Day,Meduim
South Africa,Easter Day,Meduim
Switzerland,Easter Day,Meduim
Trinidad and Tobago,Easter Day,Meduim
United Kingdom,Easter Day,Meduim
United States,Easter Day,Meduim
Uruguay,Easter Day,Meduim
Venezuela,Easter Day,Meduim
Bulgaria,Easter Day,Meduim
Cyprus,Easter Day,Meduim
Georgia,Easter Day,Meduim
Jordan,Easter Day,Meduim
Macedonia FYRO,Easter Day,Meduim
Moldova,Easter Day,Meduim
Montenegro,Easter Day,Meduim
Romania,Easter Day,Meduim
Russia,Easter Day,Meduim
Serbia,Easter Day,Meduim
Ukraine,Easter Day,Meduim
Greece,Easter Day,Meduim
Equatorial Guinea,Easter Day,Meduim
Nicaragua,Easter Day,Meduim
Christian Religious Holidays,Easter Day - Eastern,Meduim
Lebanon,Easter Day - Eastern,Meduim
Christian Religious Holidays,Easter Day - Western,Meduim
Lebanon,Easter Day - Western,Meduim
Belarus,Easter Day (Catholic),Meduim
Egypt,Easter Day (Coptic),Meduim
Belarus,Easter Day (Orthodox),Meduim
Andorra,Easter Monday,Meduim
Armenia,Easter Monday,Meduim
Australia,Easter Monday,Meduim
Austria,Easter Monday,Meduim
Belgium,Easter Monday,Meduim
Canada,Easter Monday,Meduim
Croatia,Easter Monday,Meduim
Czechia,Easter Monday,Meduim
Denmark,Easter Monday,Meduim
Finland,Easter Monday,Meduim
France,Easter Monday,Meduim
Germany,Easter Monday,Meduim
Hong Kong S.A.R.,Easter Monday,Meduim
Hungary,Easter Monday,Meduim
Iceland,Easter Monday,Meduim
Iraq,Easter Monday,Meduim
Ireland,Easter Monday,Meduim
Italy,Easter Monday,Meduim
Jamaica,Easter Monday,Meduim
Kenya,Easter Monday,Meduim
Latvia,Easter Monday,Meduim
Liechtenstein,Easter Monday,Meduim
Lithuania,Easter Monday,Meduim
Luxembourg,Easter Monday,Meduim
Monaco,Easter Monday,Meduim
Netherlands,Easter Monday,Meduim
New Zealand,Easter Monday,Meduim
Nigeria,Easter Monday,Meduim
Norway,Easter Monday,Meduim
Poland,Easter Monday,Meduim
San Marino,Easter Monday,Meduim
Slovakia,Easter Monday,Meduim
Slovenia,Easter Monday,Meduim
Spain,Easter Monday,Meduim
Sweden,Easter Monday,Meduim
Switzerland,Easter Monday,Meduim
Trinidad and Tobago,Easter Monday,Meduim
United Kingdom,Easter Monday,Meduim
Bulgaria,Easter Monday,Meduim
Cyprus,Easter Monday,Meduim
Georgia,Easter Monday,Meduim
Greece,Easter Monday,Meduim
Macedonia FYRO,Easter Monday,Meduim
Moldova,Easter Monday,Meduim
Montenegro,Easter Monday,Meduim
Romania,Easter Monday,Meduim
Serbia,Easter Monday,Meduim
Ukraine,Easter Monday,Meduim
Holy See (Vatican City),Easter Monday,Meduim
Lebanon,Easter Monday - Eastern,Meduim
Lebanon,Easter Monday - Western,Meduim
Bosnia and Herzegovina,Easter Monday (Catholic),Meduim
Bosnia and Herzegovina,Easter Monday (Orthodox),Meduim
Denmark,Easter Sunday,Meduim
France,Easter Sunday,Meduim
Ireland,Easter Sunday,Meduim
Italy,Easter Sunday,Meduim
Latvia,Easter Sunday,Meduim
Luxembourg,Easter Sunday,Meduim
Norway,Easter Sunday,Meduim
Philippines,Easter Sunday,Meduim
Puerto Rico,Easter Sunday,Meduim
Spain,Easter Sunday,Meduim
Sweden,Easter Sunday,Meduim
Cyprus,Easter Tuesday,Meduim
Albania,Eid al Adha,Meduim
Algeria,Eid al Adha,Meduim
Bahrain,Eid al Adha,Meduim
Bosnia and Herzegovina,Eid al Adha,Meduim
Egypt,Eid al Adha,Meduim
Iraq,Eid al Adha,Meduim
Islamic (Shia) Religious Holidays,Eid al Adha,Meduim
Islamic (Sunni) Religious Holidays,Eid al Adha,Meduim
Jordan,Eid al Adha,Meduim
Kuwait,Eid al Adha,Meduim
Lebanon,Eid al Adha,Meduim
Morocco,Eid al Adha,Meduim
Nigeria,Eid al Adha,Meduim
Oman,Eid al Adha,Meduim
Pakistan,Eid al Adha,Meduim
Philippines,Eid al Adha,Meduim
Qatar,Eid al Adha,Meduim
Syria,Eid al Adha,Meduim
Tunisia,Eid al Adha,Meduim
United Arab Emirates,Eid al Adha,Meduim
Yemen,Eid al Adha,Meduim
Algeria,Eid al Adha (2nd Day),Meduim
Bahrain,Eid al Adha (2nd Day),Meduim
Bosnia and Herzegovina,Eid al Adha (2nd day),Meduim
Egypt,Eid al Adha (2nd Day),Meduim
Iraq,Eid al Adha (2nd Day),Meduim
Jordan,Eid al Adha (2nd Day),Meduim
Kuwait,Eid al Adha (2nd Day),Meduim
Lebanon,Eid al Adha (2nd Day),Meduim
Morocco,Eid al Adha (2nd Day),Meduim
Oman,Eid al Adha (2nd Day),Meduim
Pakistan,Eid al Adha (2nd Day),Meduim
Qatar,Eid al Adha (2nd Day),Meduim
Syria,Eid al Adha (2nd Day),Meduim
Tunisia,Eid al Adha (2nd Day),Meduim
United Arab Emirates,Eid al Adha (2nd Day),Meduim
Yemen,Eid al Adha (2nd Day),Meduim
Bahrain,Eid al Adha (3rd Day),Meduim
Bosnia and Herzegovina,Eid al Adha (3rd day),Meduim
Egypt,Eid al Adha (3rd Day),Meduim
Iraq,Eid al Adha (3rd Day),Meduim
Jordan,Eid al Adha (3rd Day),Meduim
Kuwait,Eid al Adha (3rd Day),Meduim
Lebanon,Eid al Adha (3rd Day),Meduim
Oman,Eid al Adha (3rd Day),Meduim
Qatar,Eid al Adha (3rd Day),Meduim
Syria,Eid al Adha (3rd Day),Meduim
Tunisia,Eid al Adha (3rd Day),Meduim
United Arab Emirates,Eid al Adha (3rd Day),Meduim
Yemen,Eid al Adha (3rd Day),Meduim
Bosnia and Herzegovina,Eid al Adha (4th day),Meduim
Egypt,Eid al Adha (4th day),Meduim
Oman,Eid al Adha (4th Day),Meduim
Yemen,Eid al Adha (4th day),Meduim
Egypt,Eid al Adha (Observed),Meduim
Yemen,Eid al Adha (5th day),Meduim
Nigeria,Eid al Adha (Observed),Meduim
Saudi Arabia,Eid al Adha,Meduim
Saudi Arabia,Eid al Adha (2nd Day),Meduim
Saudi Arabia,Eid al Adha (3rd Day),Meduim
Saudi Arabia,Eid al Adha (4th Day),Meduim
Saudi Arabia,Eid al Adha (5th Day),Meduim
Oman,Eid al Adha (Observed),Meduim
Bahrain,Eid al Adha (Observed),Meduim
Albania,Eid al Fitr,Meduim
Algeria,Eid al Fitr,Meduim
Bahrain,Eid al Fitr,Meduim
Bosnia and Herzegovina,Eid al Fitr,Meduim
Egypt,Eid al Fitr,Meduim
Iraq,Eid al Fitr,Meduim
Islamic (Shia) Religious Holidays,Eid al Fitr,Meduim
Islamic (Sunni) Religious Holidays,Eid al Fitr,Meduim
Jordan,Eid al Fitr,Meduim
Kenya,Eid al Fitr,Meduim
Kuwait,Eid al Fitr,Meduim
Lebanon,Eid al Fitr,Meduim
Morocco,Eid al Fitr,Meduim
Nigeria,Eid al Fitr,Meduim
Oman,Eid al Fitr,Meduim
Pakistan,Eid al Fitr,Meduim
Philippines,Eid al Fitr,Meduim
Qatar,Eid al Fitr,Meduim
Syria,Eid al Fitr,Meduim
Trinidad and Tobago,Eid al Fitr,Meduim
Tunisia,Eid al Fitr,Meduim
United Arab Emirates,Eid al Fitr,Meduim
Yemen,Eid al Fitr,Meduim
Algeria,Eid al Fitr (2nd Day),Meduim
Bahrain,Eid al Fitr (2nd Day),Meduim
Bosnia and Herzegovina,Eid al Fitr (2nd day),Meduim
Egypt,Eid al Fitr (2nd Day),Meduim
Iraq,Eid al Fitr (2nd Day),Meduim
Jordan,Eid al Fitr (2nd Day),Meduim
Kuwait,Eid al Fitr (2nd Day),Meduim
Lebanon,Eid al Fitr (2nd Day),Meduim
Macedonia FYRO,Eid al Fitr,Meduim
Morocco,Eid al Fitr (2nd Day),Meduim
Nigeria,Eid al Fitr (2nd Day),Meduim
Oman,Eid al Fitr (2nd Day),Meduim
Pakistan,Eid al Fitr (2nd Day),Meduim
Qatar,Eid al Fitr (2nd Day),Meduim
Syria,Eid al Fitr (2nd Day),Meduim
Tunisia,Eid al Fitr (2nd Day),Meduim
United Arab Emirates,Eid al Fitr (2nd Day),Meduim
Yemen,Eid al Fitr (2nd Day),Meduim
Bahrain,Eid al Fitr (3rd Day),Meduim
Bosnia and Herzegovina,Eid al Fitr (3rd day),Meduim
Egypt,Eid al Fitr (3rd Day),Meduim
Iraq,Eid al Fitr (3rd Day),Meduim
Jordan,Eid al Fitr (3rd Day),Meduim
Kuwait,Eid al Fitr (3rd Day),Meduim
Lebanon,Eid al Fitr (3rd Day),Meduim
Oman,Eid al Fitr (3rd Day),Meduim
Qatar,Eid al Fitr (3rd Day),Meduim
Syria,Eid al Fitr (3rd Day),Meduim
Tunisia,Eid al Fitr (3rd Day),Meduim
United Arab Emirates,Eid al Fitr (3rd Day),Meduim
Yemen,Eid al Fitr (3rd Day),Meduim
Bahrain,Eid al Fitr (Observed),Meduim
Egypt,Eid al Fitr (Observed),Meduim
Oman,Eid al Fitr (4th day),Meduim
Yemen,Eid al Fitr (4th day),Meduim
Oman,Eid al Fitr (5th day),Meduim
Oman,Eid al Fitr (Observed),Meduim
Saudi Arabia,Eid al Fitr,Meduim
Saudi Arabia,Eid al Fitr (2nd Day),Meduim
Saudi Arabia,Eid al Fitr (3rd Day),Meduim
Trinidad and Tobago,Eid al Fitr (Observed),Meduim
Macedonia FYRO,Eid al Fitr Bank Holiday,Meduim
Nigeria,Eid al Fitr Holiday,Meduim
Jordan,Eid al Isra' Wal Mi'raj,Meduim
Kuwait,Eid al Isra' Wal Mi'raj,Meduim
Lebanon,Eid al Isra' Wal Mi'raj,Meduim
Oman,Eid Al Isra' Wal Mi'raj,Meduim
United Arab Emirates,Eid al Isra' Wal Mi'raj,Meduim
Oman,Eid Al Isra' Wal Mi'raj (Observed),Meduim
Lebanon,Eid Al Isra' Wal Mi'raj (Observed),Meduim
Islamic (Shia) Religious Holidays,Eid al-Ghadeer,Low
Iraq,Eid Norooz,Low
Iran,Eid-e-Fitr,Meduim
Iran,Eid-e-Fitr (2nd Day),Meduim
Iran,Eid-e-Ghadir,Low
Iran,Eid-e-Ghorban,Low
United States,Election Day,Low
Puerto Rico,Emancipation Day,Low
Jamaica,Emancipation Day,Low
Trinidad and Tobago,Emancipation Day,Low
Trinidad and Tobago,Emancipation Day (Observed),Low
Jamaica,Emancipation Day (Observed),Low
Japan,Emperor's Birthday,Low
Japan,Emperor's Birthday (Observed),Low
Morocco,Enthronement,Low
Egypt,Ephiphany (Coptic),Meduim
Andorra,Epiphany,Meduim
Austria,Epiphany,Meduim
Belgium,Epiphany,Meduim
Bolivia,Epiphany,Meduim
Croatia,Epiphany,Meduim
Cyprus,Epiphany,Meduim
Dominican Republic,Epiphany,Meduim
Finland,Epiphany,Meduim
Germany,Epiphany,Meduim
Greece,Epiphany,Meduim
Holy See (Vatican City),Epiphany,Meduim
Honduras,Epiphany,Meduim
Italy,Epiphany,Meduim
Liechtenstein,Epiphany,Meduim
Lithuania,Epiphany,Meduim
Mexico,Epiphany,Meduim
Poland,Epiphany,Meduim
San Marino,Epiphany,Meduim
Slovakia,Epiphany,Meduim
Spain,Epiphany,Meduim
Sweden,Epiphany,Meduim
Switzerland,Epiphany,Meduim
Uruguay,Epiphany,Meduim
Venezuela,Epiphany,Meduim
Georgia,Epiphany,Meduim
Macedonia FYRO,Epiphany,Meduim
Colombia,Epiphany,Meduim
Christian Religious Holidays,Epiphany - Eastern,Meduim
Puerto Rico,New Year's Day,Low
Christian Religious Holidays,Epiphany - Western,Meduim
Venezuela,Epiphany Bank Holiday,Meduim
Macedonia FYRO,Epiphany Bank Holiday,Meduim
Jewish Religious Holidays,Erev Pesach,Meduim
Jewish Religious Holidays,Erev Rosh Hashanah,Meduim
Jewish Religious Holidays,Erev Shavout,Meduim
Jewish Religious Holidays,Erev Sukkot,Meduim
Jewish Religious Holidays,Erev Yom Kippur,Meduim
European Union,Europe Day,Low
Serbia,Europe Day,Low
Tunisia,Evacuation Day,Low
Uruguay,Expedition of the 33,Low
South Africa,Family Day,Low
Canada,Family Day (many provinces),Low
Jewish Religious Holidays,Fast of 10th Tevet,Low
Jewish Religious Holidays,Fast of 17th Tammuz,Low
Jewish Religious Holidays,Fast of Gdalia,Low
Poland,Fat Thursday,Low
Honduras,Father's Day,Low
Guatemala,Father's Day,Low
South Africa,Father's Day,Low
Poland,Father's Day,Low
Lithuania,Father's Day,Low
Puerto Rico,Father's Day,Low
United States,Father's Day,Low
Australia,Father's Day,Low
Venezuela,Father's Day,Low
Malta,Feast of Our Lady of Victories,Low
Holy See (Vatican City),Feast of Saint Joseph,Low
Qatar,New Year's Day,Low
Malta,Feast of Saint Joseph,Low
Malta,Feast of Saint Paul's Shipwreck,Low
Holy See (Vatican City),Feast of Saints Peter and Paul,Low
Malta,Feast of Saints Peter and Paul,Low
Venezuela,Feast of Saints Peter and Paul,Low
Romania,New Year's Day,Low
Russia,New Year's Day,Low
San Marino,New Year's Day,Low
Serbia,New Year's Day,Low
Singapore,New Year's Day,Low
Slovakia,New Year's Day,Low
Slovenia,New Year's Day,Low
South Africa,New Year's Day,Low
Spain,New Year's Day,Low
Sweden,New Year's Day,Low
Switzerland,New Year's Day,Low
Syria,New Year's Day,Low
Thailand,New Year's Day,Low
Trinidad and Tobago,New Year's Day,Low
Tunisia,New Year's Day,Low
Turkey,New Year's Day,Low
Ukraine,New Year's Day,Low
United Arab Emirates,New Year's Day,Low
United Kingdom,New Year's Day,Low
United States,New Year's Day,Meduim
Uruguay,New Year's Day,Low
Venezuela,New Year's Day,Low
Vietnam,New Year's Day,Low
Lebanon,Feast of the Annunciation,Low
Lebanon,Feast of the Annunciation (Observed),Low
Macao S.A.R.,Feast of the Immaculate Conception,Low
Armenia,Feast of the Transfiguration,Low
Switzerland,Federal Day of Prayer,Low
El Salvador,Fiestas Patronales,Low
Iceland,First Day of Summer,Low
Armenia,First Republic Day,Low
Hong Kong S.A.R.,First week-day after Christmas Day,Low
Mexico,Flag Day,Low
Poland,Flag Day,Low
Argentina,Flag Day,Low
Argentina,Flag Day (bridge),Low
Bolivia,Foundation Day,Low
Yemen,New Year's Day,Low
Ireland,New Year's Bank Holiday,Low
New Zealand,New Year's Bank Holiday,Low
Bosnia and Herzegovina,New Year's (Orthodox),Low
Bosnia and Herzegovina,New Year's (2nd Day),Low
Brunei,New Year (Observed),Low
Canada,New Brunswick Day (New Brunswick),Low
Korea,Lunar New Year's Day - Seol (actual holiday),Low
Korea,Lunar New Year's Day - Seol (3rd Day),Low
Korea,Lunar New Year's Day - Seol (1st Day),Low
Iran,Iranian New Year (4th Day),Low
Iran,Iranian New Year (3rd Day),Low
Iran,Iranian New Year (2nd Day),Low
Iran,Iranian New Year,Low
Oman,Hijri New Year (Observed),Low
Bahrain,Hijri New Year (Observed),Low
Kuwait,Hijri New Year (Observed),Low
Brunei,Hijri New Year (Observed),Low
Lebanon,Hijri New Year (Observed),Low
Bosnia and Herzegovina,Hijri New Year,Low
Ecuador,Foundation of Quito Day,Low
Algeria,Hijri New Year,Low
Bahrain,Hijri New Year,Low
Brunei,Hijri New Year,Low
Vietnam,Foundation of the Communist Party of Vietnam,Low
Paraguay,Founding of Asunción,Low
Egypt,Hijri New Year,Low
Slovakia,Freedom and Democracy Day,Low
Malta,Freedom Day,Low
South Africa,Freedom Day,Low
Equatorial Guinea,Freedom Day,Low
South Africa,Freedom Day (Observed),Low
India,Gandhi Jayanti,Low
Mexico,General Election,Low
Bosnia and Herzegovina,General Framework Agreement Day (Republika Srpska),Low
Honduras,General Francisco Moranzán's Birthday,Low
Greece,Glorifying Mother of God,Low
Andorra,Good Friday,Meduim
Angola,Good Friday,Meduim
Argentina,Good Friday,Meduim
Armenia,Good Friday,Meduim
Australia,Good Friday,Meduim
Austria,Good Friday,Meduim
Belgium,Good Friday,Meduim
Bolivia,Good Friday,Meduim
Brazil,Good Friday,Meduim
Canada,Good Friday,Meduim
Chile,Good Friday,Meduim
Colombia,Good Friday,Meduim
Costa Rica,Good Friday,Meduim
Denmark,Good Friday,Meduim
Dominican Republic,Good Friday,Meduim
Ecuador,Good Friday,Meduim
El Salvador,Good Friday,Meduim
Estonia,Good Friday,Meduim
Finland,Good Friday,Meduim
France,Good Friday,Meduim
Germany,Good Friday,Meduim
Guatemala,Good Friday,Meduim
Honduras,Good Friday,Meduim
Hong Kong S.A.R.,Good Friday,Meduim
Iceland,Good Friday,Meduim
Ireland,Good Friday,Meduim
Italy,Good Friday,Meduim
Jamaica,Good Friday,Meduim
Kenya,Good Friday,Meduim
Latvia,Good Friday,Meduim
Liechtenstein,Good Friday,Meduim
Luxembourg,Good Friday,Meduim
Macao S.A.R.,Good Friday,Meduim
Malta,Good Friday,Meduim
Mexico,Good Friday,Meduim
Monaco,Good Friday,Meduim
Netherlands,Good Friday,Meduim
New Zealand,Good Friday,Meduim
Nigeria,Good Friday,Meduim
Norway,Good Friday,Meduim
Panama,Good Friday,Meduim
Paraguay,Good Friday,Meduim
Peru,Good Friday,Meduim
Philippines,Good Friday,Meduim
Poland,Good Friday,Meduim
Portugal,Good Friday,Meduim
Puerto Rico,Good Friday,Meduim
Singapore,Good Friday,Meduim
Slovakia,Good Friday,Meduim
South Africa,Good Friday,Meduim
Spain,Good Friday,Meduim
Sweden,Good Friday,Meduim
Switzerland,Good Friday,Meduim
Trinidad and Tobago,Good Friday,Meduim
United Kingdom,Good Friday,Meduim
Uruguay,Good Friday,Meduim
Venezuela,Good Friday,Meduim
Bulgaria,Good Friday,Meduim
Cyprus,Good Friday,Meduim
Georgia,Good Friday,Meduim
Greece,Good Friday,Meduim
Macedonia FYRO,Good Friday,Meduim
Montenegro,Good Friday,Meduim
Serbia,Good Friday,Meduim
Equatorial Guinea,Good Friday,Meduim
Nicaragua,Good Friday,Meduim
Czechia,Good Friday,Meduim
Hungary,Good Friday,Meduim
Christian Religious Holidays,Good Friday - Eastern,Meduim
Lebanon,Good Friday - Eastern,Meduim
Christian Religious Holidays,Good Friday - Western,Meduim
Lebanon,Good Friday - Western,Meduim
Bosnia and Herzegovina,Good Friday (Catholic),Meduim
Bosnia and Herzegovina,Good Friday (Orthodox),Meduim
China,Grain Buds,Low
China,Grain in Ear,Low
China,Grain Rain,Low
Luxembourg,Grand Duc's Birthday (National Day),Low
Poland,Grandfather's Day,Low
Poland,Grandmother's Day,Low
China,Great Cold,Low
China,Great Heat,Low
Georgia,Great Saturday,Low
Cyprus,Greek Cypriot National Day,Low
Cyprus,Greek Independence Day,Low
Cyprus,Greek National Day,Low
Cyprus,Green Monday,Low
Japan,Greenery Day,Low
Japan,Greenery Day (Observed),Low
United States,Groundhog Day,Low
Azerbaijan,Gurban Bayram,Low
Azerbaijan,Gurban Bayram (2nd Day),Low
Thailand,H.M. The King Rama IX's Memorial Day,Low
Thailand,H.M. The King Rama X's Birthday Anniversary,Low
Thailand,H.M. the Queen's Birthday,Low
Thailand,H.M. the Queen's Birthday (Observed),Low
Brunei,H.M. the Sultan's Birthday,Low
Brunei,H.M. the Sultan's Birthday (Observed),Low
United States,Halloween,Meduim
Korea,Hangul Day - Hangeulnal,Low
Jewish Religious Holidays,Hanukkah,High
Jewish Religious Holidays,Hanukkah (2nd Day),High
Jewish Religious Holidays,Hanukkah (3rd Day),High
Jewish Religious Holidays,Hanukkah (4th Day),High
Jewish Religious Holidays,Hanukkah (5th Day),High
Jewish Religious Holidays,Hanukkah (6th Day),High
Jewish Religious Holidays,Hanukkah (7th Day),High
Jewish Religious Holidays,Hanukkah (8th Day),High
Brunei,Hari Raya Aidil Adha,Meduim
Brunei,Hari Raya Aidil Adha (Observed),Meduim
Brunei,Hari Raya Aidil Fitri,Meduim
Brunei,Hari Raya Aidil Fitri (2nd Day),Meduim
Brunei,Hari Raya Aidil Fitri (Observed),Meduim
Malaysia,Hari Raya Aidilfitri,Meduim
Malaysia,Hari Raya Aidilfitri (2nd Day),Meduim
Malaysia,Hari Raya Haji,Meduim
Singapore,Hari Raya Haji,Meduim
Malaysia,Hari Raya Haji (2nd Day),Meduim
Singapore,Hari Raya Haji Holiday,Meduim
Singapore,Hari Raya Puasa,Meduim
Korea,Harvest Moon Festival - Chuseok (1st Day),Meduim
Korea,Harvest Moon Festival - Chuseok (3rd Day),Meduim
Korea,Harvest Moon Festival - Chuseok (actual holiday),Meduim
Japan,Health Sports Day,Low
China,Heavy Snow,Low
South Africa,Heritage Day,Low
South Africa,Heritage Day (Observed),Low
Canada,Heritage Day (Alberta),Low
Canada,Heritage Day (Yukon),Low
Congo (Democratic Republic of),Heroes' Day,Low
Congo (Democratic Republic of),Heroes' Day (Observed),Low
China,Hoar-Frost Falls,Low
Jewish Religious Holidays,Hol HaMoed Pesach (1st Day-Israel),Meduim
Jewish Religious Holidays,Hol HaMoed Pesach (2nd Day-Israel),Meduim
Jewish Religious Holidays,Hol HaMoed Pesach (3rd Day-Israel),Meduim
Jewish Religious Holidays,Hol HaMoed Pesach (4th Day-Israel),Meduim
Jewish Religious Holidays,Hol HaMoed Pesach (5th Day-Israel),Meduim
Jewish Religious Holidays,Hol HaMoed Pesach (1st Day-outside Israel),Meduim
Jewish Religious Holidays,Hol HaMoed Pesach (2nd Day-outside Israel),Meduim
Jewish Religious Holidays,Hol HaMoed Pesach (3rd Day-outside Israel),Meduim
Jewish Religious Holidays,Hol HaMoed Pesach (4th Day-outside Israel),Meduim
Jewish Religious Holidays,Hol HaMoed Sukkot (1st Day-Israel),Meduim
Jewish Religious Holidays,Hol HaMoed Sukkot (2nd Day-Israel),Meduim
Jewish Religious Holidays,Hol HaMoed Sukkot (3rd Day-Israel),Meduim
Jewish Religious Holidays,Hol HaMoed Sukkot (4th Day-Israel),Meduim
Jewish Religious Holidays,Hol HaMoed Sukkot (5th Day-Israel),Meduim
Jewish Religious Holidays,Hol HaMoed Sukkot (1st Day-outside Israel),Meduim
Jewish Religious Holidays,Hol HaMoed Sukkot (2nd Day-outside Israel),Meduim
Jewish Religious Holidays,Hol HaMoed Sukkot (3rd Day-outside Israel),Meduim
Jewish Religious Holidays,Hol HaMoed Sukkot (4th Day-outside Israel),Meduim
Greece,Holy Ghost's Day,Low
Andorra,Holy Saturday,Meduim
Chile,Holy Saturday,Meduim
El Salvador,Holy Saturday,Meduim
Guatemala,Holy Saturday,Meduim
Honduras,Holy Saturday,Meduim
Hong Kong S.A.R.,Holy Saturday,Meduim
Macao S.A.R.,Holy Saturday,Meduim
Panama,Holy Saturday,Meduim
Sweden,Holy Saturday,Meduim
Serbia,Holy Saturday,Meduim
Equatorial Guinea,Holy Saturday,Meduim
Nicaragua,Holy Saturday,Meduim
Andorra,Holy Thursday,Meduim
Argentina,Holy Thursday,Meduim
Austria,Holy Thursday,Meduim
Chile,Holy Thursday,Meduim
Colombia,Holy Thursday,Meduim
Dominican Republic,Holy Thursday,Meduim
Ecuador,Holy Thursday,Meduim
Finland,Holy Thursday,Meduim
Guatemala,Holy Thursday,Meduim
Iceland,Holy Thursday,Meduim
Mexico,Holy Thursday,Meduim
Norway,Holy Thursday,Meduim
Panama,Holy Thursday,Meduim
Paraguay,Holy Thursday,Meduim
Peru,Holy Thursday,Meduim
Philippines,Holy Thursday,Meduim
Portugal,Holy Thursday,Meduim
Spain,Holy Thursday,Meduim
Sweden,Holy Thursday,Meduim
Uruguay,Holy Thursday,Meduim
Venezuela,Holy Thursday,Meduim
Costa Rica,Holy Thursday,Meduim
El Salvador,Holy Thursday,Meduim
Honduras,Holy Thursday,Meduim
Brazil,Holy Thursday,Meduim
Equatorial Guinea,Holy Thursday,Meduim
Nicaragua,Holy Thursday,Meduim
Guatemala,Holy Wednesday,Meduim
Venezuela,Holy Week,Meduim
Croatia,Homeland Thanksgiving Day,Low
Hong Kong S.A.R.,Hong Kong SAR Establishment Day,Low
Hong Kong S.A.R.,Hong Kong SAR Establishment Day (Observed),Low
Jewish Religious Holidays,Hoshanah Raba (Hol Hamoed Sukkot),Low
South Africa,Human Rights Day,Low
South Africa,Human Rights Day (Observed),Low
Vietnam,Hung Kings Commemoriations,Low
China,Hungry Ghost Festival,Low
Vietnam,Hungry Ghost Festival,Low
Andorra,Immaculate Conception,Meduim
Argentina,Immaculate Conception,Meduim
Austria,Immaculate Conception,Meduim
Chile,Immaculate Conception,Meduim
Christian Religious Holidays,Immaculate Conception,Meduim
Colombia,Immaculate Conception,Meduim
Equatorial Guinea,Immaculate Conception,Meduim
Holy See (Vatican City),Immaculate Conception,Meduim
Italy,Immaculate Conception,Meduim
Liechtenstein,Immaculate Conception,Meduim
Malta,Immaculate Conception,Meduim
Monaco,Immaculate Conception,Meduim
Nicaragua,Immaculate Conception,Meduim
Peru,Immaculate Conception,Meduim
Portugal,Immaculate Conception,Meduim
San Marino,Immaculate Conception,Meduim
Spain,Immaculate Conception,Meduim
Switzerland,Immaculate Conception,Meduim
Venezuela,Immaculate Conception,Meduim
Argentina,Immaculate Conception (bridge),Meduim
Equatorial Guinea,Immaculate Conception (Observed),Meduim
Venezuela,Immaculate Conception Bank Holiday,Meduim
Lithuania,Independence Day,Meduim
Estonia,Independence Day,Meduim
Dominican Republic,Independence Day,Meduim
Tunisia,Independence Day,Meduim
Greece,Independence Day,Meduim
Syria,Independence Day,Meduim
Paraguay,Independence Day,Meduim
Montenegro,Independence Day,Meduim
Montenegro,Independence Day (2nd Day),Meduim
Jordan,Independence Day,Meduim
Georgia,Independence Day,Meduim
Philippines,Independence Day,Meduim
Congo (Democratic Republic of),Independence Day,Meduim
Belarus,Independence Day,Meduim
United States,Independence Day (Observed),Meduim
Puerto Rico,Independence Day,Meduim
United States,Independence Day,Meduim
Algeria,Independence Day,Meduim
Venezuela,Independence Day,Meduim
Argentina,Independence Day,Meduim
Colombia,Independence Day,Meduim
Peru,Independence Day (1st Day),Meduim
Peru,Independence Day (2nd Day),Meduim
Bolivia,Independence Day,Meduim
Jamaica,Independence Day,Meduim
Ecuador,Independence Day,Meduim
India,Independence Day,Meduim
Ukraine,Independence Day,Meduim
Uruguay,Independence Day,Meduim
Trinidad and Tobago,Independence Day,Meduim
Brazil,Independence Day,Meduim
Macedonia FYRO,Independence Day,Meduim
Costa Rica,Independence Day,Meduim
El Salvador,Independence Day,Meduim
Guatemala,Independence Day,Meduim
Honduras,Independence Day,Meduim
Nicaragua,Independence Day,Meduim
Mexico,Independence Day,Meduim
Chile,Independence Day,Meduim
Armenia,Independence Day,Meduim
Malta,Independence Day,Meduim
Bulgaria,Independence Day,Meduim
Cyprus,Independence Day,Meduim
Nigeria,Independence Day,Meduim
Croatia,Independence Day,Meduim
Equatorial Guinea,Independence Day,Meduim
Angola,Independence Day,Meduim
Poland,Independence Day,Meduim
Latvia,Independence Day,Meduim
Morocco,Independence Day,Meduim
Lebanon,Independence Day,Meduim
Albania,Independence Day,Meduim
Yemen,Independence Day,Meduim
Finland,Independence Day,Meduim
Kazakhstan,Independence Day,Meduim
Kazakhstan,Independence Day (2nd Day),Meduim
Slovenia,Independence Day,Meduim
Panama,Independence Day,Meduim
Angola,Independence Day (Observed),Meduim
Kazakhstan,Independence Day (3rd Day),Meduim
Argentina,Independence Day (bridge),Meduim
Ukraine,Independence Day (Observed),Meduim
Macedonia FYRO,Independence Day (Observed),Meduim
Trinidad and Tobago,Independence Day (Observed),Meduim
Puerto Rico,Independence Day (Observed),Meduim
Bulgaria,Independence Day (bridge),Meduim
Lebanon,Independence Day (Observed),Meduim
Nigeria,Independence Day (Observed),Meduim
Kazakhstan,Independence Day (4th Day),Meduim
Jamaica,Independence Day (Observed),Meduim
Congo (Democratic Republic of),Independence Day (Observed),Meduim
Bosnia and Herzegovina,Independence Day (Bosnia and Herzegovina),Meduim
Latvia,Independence Day Public Holiday,Meduim
Korea,Independence Movement Day - Samiljeol,Meduim
Colombia,Independence of Cartagena,Meduim
Ecuador,Independence of Cuenca,Meduim
Ecuador,Independence of Guayaquil,Meduim
Lithuania,Independence Restoration Day,Meduim
Georgia,Independence Restoration Day,Meduim
Portugal,Independence Restoration Day,Meduim
Trinidad and Tobago,Indian Arrival Day,Low
Trinidad and Tobago,Indian Arrival Day (Observed),Low
Nicaragua,Indigenous Resistance Day,Low
China,Insects Awaken,Low
Israel,International Holocaust Remembrance Day,Low
Lithuania,International Labour Day,Low
Kazakhstan,International Women's Day,Low
Russia,International Women's Day,Low
Ukraine,International Women's Day,Low
Kazakhstan,International Women's Day (Observed),Low
Russia,International Women's Day (Observed),Low
Ukraine,International Women's Day (Observed),Low
Vietnam,International Workers' Day,Low
Vietnam,International Workers' Day (Observed),Low
San Marino,Investiture of the Captains-Regent,Low
Canada,Islander Day (Prince Edward Island),Low
Brunei,Isra' Mi'raj,Low
Brunei,Isra' Mi'raj (Observed),Low
Jewish Religious Holidays,Isru Hag Pesach (Israel),Low
Jewish Religious Holidays,Isru Hag Shavuot (Israel),Low
Jewish Religious Holidays,Isru Hag-Sukkot (Israel),Low
Kenya,Jamhuri Day,Low
Kenya,Jamhuri Day (Observed),Low
Czechia,John Huss Day,Low
Dominican Republic,Juan Pablo Duarte Day,Low
Costa Rica,Juan Santamaría,Low
Ireland,June Bank Holiday,Low
Kazakhstan,Kazakhstan People's Unity Day,Low
Kazakhstan,Kazakhstan People's Unity Day (Observed),Low
Thailand,Khao Phansa (Buddhist Lent Day),Low
Thailand,Khao Phansa (Buddhist Lent Day) (Observed),Low
Netherlands,King's Day,Low
Belgium,King's Feast,Low
Vietnam,Kitchen Guardians Festival,Low
Ukraine,Kupala Night,Low
Kazakhstan,Kurban ayt,Low
Turkey,Kurban Bayramı (1st Day),Low
Turkey,Kurban Bayramı (2nd Day),Low
Turkey,Kurban Bayramı (3rd Day),Low
Turkey,Kurban Bayramı (4th Day),Low
Turkey,Labor and Solidarity Day,Low
Albania,Labor Day,Low
Andorra,Labor Day,Low
Angola,Labor Day,Low
Argentina,Labor Day,Low
Austria,Labor Day,Low
Belarus,Labor Day,Low
Belgium,Labor Day,Low
Bolivia,Labor Day,Low
Bosnia and Herzegovina,Labor Day,Low
Brazil,Labor Day,Low
Bulgaria,Labor Day,Low
Chile,Labor Day,Low
Colombia,Labor Day,Low
Costa Rica,Labor Day,Low
Croatia,Labor Day,Low
Czechia,Labor Day,Low
Ecuador,Labor Day,Low
El Salvador,Labor Day,Low
France,Labor Day,Low
Germany,Labor Day,Low
Guatemala,Labor Day,Low
Honduras,Labor Day,Low
Hong Kong S.A.R.,Labor Day,Meduim
Hungary,Labor Day,Low
Iceland,Labor Day,Low
Iraq,Labor Day,Low
Italy,Labor Day,Low
Korea,Labor Day,Low
Latvia,Labor Day,Low
Liechtenstein,Labor Day,Low
Luxembourg,Labor Day,Low
Macedonia FYRO,Labor Day,Low
Malaysia,Labor Day,Low
Mexico,Labor Day,Low
Monaco,Labor Day,Low
Montenegro,Labor Day,Low
Netherlands,Labor Day,Low
Panama,Labor Day,Low
Paraguay,Labor Day,Low
Peru,Labor Day,Low
Philippines,Labor Day,Low
Portugal,Labor Day,Low
Romania,Labor Day,Low
San Marino,Labor Day,Low
Serbia,Labor Day,Low
Singapore,Labor Day,Low
Slovakia,Labor Day,Low
Slovenia,Labor Day,Low
Spain,Labor Day,Low
Switzerland,Labor Day,Low
Syria,Labor Day,Low
Thailand,Labor Day,Low
Tunisia,Labor Day,Low
Ukraine,Labor Day,Low
Uruguay,Labor Day,Low
Venezuela,Labor Day,Low
Yemen,Labor Day,Low
Bosnia and Herzegovina,Labor Day (2nd Day),Low
Montenegro,Labor Day (2nd Day),Low
Serbia,Labor Day (2nd Day),Low
Slovenia,Labor Day (2nd Day),Low
Trinidad and Tobago,Labor Day,Low
United States,Labor Day,Low
Argentina,Labor Day (bridge),Low
Bulgaria,Labor Day (bridge),Low
Dominican Republic,Labor Day,Low
Ukraine,Labor Day (2nd Day),Low
Puerto Rico,Labor Day,Low
Trinidad and Tobago,Labor Day (Observed),Low
Ukraine,Labor Day (Observed),Low
Angola,Labor Day (Observed),Low
Bolivia,Labor Day (Observed),Low
Hong Kong S.A.R.,Labor Day (Observed),Meduim
Macedonia FYRO,Labor Day (Observed),Low
Monaco,Labor Day (Observed),Low
Panama,Labor Day (Observed),Low
Singapore,Labor Day (Observed),Low
Thailand,Labor Day (Observed),Low
Serbia,Labor Day Holiday,Low
Ukraine,Labor Day Holiday,Low
Japan,Labor Thanksgiving Day,Low
Japan,Labor Thanksgiving Day (Observed),Low
Algeria,Labour Day,Low
Armenia,Labour Day,Low
Bahrain,Labour Day,Low
China,Labor Day,Meduim
Congo (Democratic Republic of),Labour Day,Low
Cyprus,Labour Day,Low
Egypt,Labour Day,Low
Equatorial Guinea,Labour Day,Low
Jordan,Labour Day,Low
Kenya,Labour Day,Low
Lebanon,Labour Day,Low
Macao S.A.R.,Labour Day,Meduim
Moldova,Labour Day,Low
Morocco,Labour Day,Low
Nicaragua,Labour Day,Low
Jamaica,Labour Day,Low
Canada,Labour Day,Low
Australia,Labour Day,Low
New Zealand,Labour Day,Low
Bahrain,Labour Day (Observed),Low
Congo (Democratic Republic of),Labour Day (Observed),Low
Kenya,Labour Day (Observed),Low
Lebanon,Labour Day (Observed),Low
Macao S.A.R.,Labour Day (Observed),Meduim
Jamaica,Labour Day (Observed),Low
Dominican Republic,Lady of Altagracia,Low
Dominican Republic,Lady of Mercedes,Low
Jewish Religious Holidays,Lag BaOmer,Low
Islamic (Sunni) Religious Holidays,Lailat al-Baraat,Low
Islamic (Shia) Religious Holidays,Lailat al-Baraat,Low
Islamic (Shia) Religious Holidays,Lailat al-Ma'raj,Low
Islamic (Sunni) Religious Holidays,Lailat al-Ma'raj,Low
Philippines,Lailat al-Ma'raj,Low
China,Lantern Festival,Low
Vietnam,Lantern Festival,Low
United Kingdom,Late Summer Holiday,Low
Holy See (Vatican City),Lateran Treaty Day,Low
Islamic (Shia) Religious Holidays,Laylat al-Qadr,Low
Islamic (Sunni) Religious Holidays,Laylat al-Qadr,Low
Angola,Liberation Day,Meduim
Kuwait,Liberation Day,Meduim
Bulgaria,Liberation Day,Meduim
Italy,Liberation Day,Meduim
Portugal,Liberation Day,Meduim
Netherlands,Liberation Day,Meduim
Czechia,Liberation Day,Meduim
Slovakia,Liberation Day,Meduim
Congo (Democratic Republic of),Liberation Day,Meduim
San Marino,Liberation Day,Meduim
Albania,Liberation Day,Meduim
Bulgaria,Liberation Day (bridge),Meduim
Congo (Democratic Republic of),Liberation Day (Observed),Meduim
Kuwait,Liberation Day (Observed),Meduim
Angola,Liberation Day (Observed),Meduim
Korea,Liberation Day - Gwangbokjeol,Meduim
Vietnam,Liberation Day-Reunification Day,Meduim
Vietnam,Liberation Day-Reunification Day (Observed),Meduim
Monaco,Liberation of Monaco,Meduim
Syria,Liberation War Day,Meduim
China,Light Snow,Low
Panama,Los Santos Uprising Day,Low
Canada,Louis Riel Day (Manitoba),Low
Thailand,Loy Kratong Day,Low
Macao S.A.R.,Macao Special Administrative Region Establishment Day,Low
Kenya,Madaraka Day,Low
Kenya,Madaraka Day (Observed),Low
Thailand,Makha Bucha Day,Low
Thailand,Makha Bucha Day (Observed),Low
Malaysia,Malaysia Day,Low
Morocco,Manifesto of Independence,Low
Japan,Marine Day,Low
Puerto Rico,Martin Luther King Day,Low
Moldova,Martisor,Low
Iran,Martyrdom of Fatima Zahra,Low
Iran,Martyrdom of Imam Ali,Low
Iran,Martyrdom of Imam Reza,Low
Iran,Martyrdom of Imam Sadeq,Low
Tunisia,Martyrs' Day,Low
Lebanon,Martyrs' Day,Low
Syria,Martyrs' Day,Low
Panama,Martyr's Day,Low
Kenya,Mashujaa (Heroes') Day,Low
Kenya,Mashujaa (Heroes') Day (Observed),Low
Denmark,Maundy Thursday,Low
Ireland,May Bank Holiday,Low
Denmark,May Day,Low
Estonia,May Day,Low
Finland,May Day,Low
Greece,May Day,Low
Norway,May Day,Low
Sweden,May Day,Low
United Kingdom,May Day Bank Holiday,Low
Finland,May Day Eve,Low
Australia,Melbourne Cup Day (Victoria),Low
Netherlands,Memorial Day,Low
Moldova,Memorial Day,Low
United States,Memorial Day,Low
Canada,Memorial Day (Newfoundland and Labrador),Low
Puerto Rico,Memorial Day,Low
Korea,Memorial Day - Hyeonchung-il,Low
Hungary,Memorial Day for the Martyrs of Arad,Low
China,Chinese Mid-Autumn Festival,Meduim
Vietnam,Mid-Autumn Festival,Low
Estonia,Midsummer Day,Low
Lithuania,Midsummer Day,Low
Finland,Midsummer Day,Low
Sweden,Midsummer Day,Low
Latvia,Midsummer Eve,Low
Finland,Midsummer Eve,Low
Sweden,Midsummer Eve,Low
Vietnam,Mid-Year Festival,Low
Iran,Mission of Prophet Mohammed,Low
Albania,Mother Theresa Day,Low
Belarus,Motherland Defender's Day,Low
Russia,Motherland Defender's Day,Low
Russia,Motherland Defender's Day (Observed),Low
Syria,Mothers' Day,Meduim
Panama,Mothers' Day,Meduim
Georgia,Mother's Day,Meduim
Romania,Mother's Day,Meduim
Guatemala,Mother's Day,Meduim
Mexico,Mother's Day,Meduim
South Africa,Mother's Day,Meduim
Poland,Mother's Day,Meduim
Nicaragua,Mother's Day,Meduim
Costa Rica,Mother's Day,Meduim
Hungary,Mother's Day,Meduim
Lithuania,Mother's Day,Meduim
Spain,Mother's Day,Meduim
Australia,Mother's Day,Meduim
Honduras,Mother's Day,Meduim
Latvia,Mother's Day,Meduim
Puerto Rico,Mother's Day,Meduim
United States,Mother's Day,Meduim
Iraq,Hijri New Year,Low
Ukraine,Mother's Day,Meduim
Venezuela,Mother's Day,Meduim
Japan,Mountain Day,Meduim
Japan,Mountain Day (Observed),Meduim
Canada,Natal Day (Nova Scotia and PEI),Low
Canada,National Aboriginal Day (Northwest Territories),Low
Korea,National Assembly Election Day,Low
Brunei,National Day,Low
Kuwait,National Day,Low
Sweden,National Day,Low
Portugal,National Day,Low
Iceland,National Day,Low
Slovenia,National Day,Low
Belgium,National Day,Low
Switzerland,National Day,Low
Singapore,National Day,Low
Liechtenstein,National Day,Low
Moldova,National Day,Low
Malaysia,National Day,Low
Vietnam,National Day,Low
Saudi Arabia,National Day,Low
China,National Day (1st Day),Meduim
Hong Kong S.A.R.,National Day,Meduim
China,National Day (2nd Day),Meduim
China,National Day (3rd Day),Meduim
Iraq,National Day,Low
Austria,National Day,Low
Oman,National Day,Low
Romania,National Day,Low
United Arab Emirates,National Day,Low
Bahrain,National Day,Low
Qatar,National Day,Low
Vietnam,National Day (Observed),Low
Hong Kong S.A.R.,National Day (Observed),Meduim
Saudi Arabia,National Day (Observed),Low
Oman,National Day (Observed),Low
Kuwait,National Day (Observed),Low
Brazil,National Day of Black Awareness,Low
Azerbaijan,National Day of Mourning,Low
Azerbaijan,National Day of Mourning (Observed),Low
Macao S.A.R.,National Day of the People's Republic of China,Meduim
Macao S.A.R.,National Day of the People's Republic of China (2nd Day),Meduim
Macao S.A.R.,National Day of the People's Republic of China (Observed),Meduim
Vietnam,National Defense Day,Low
Thailand,National Father's Day,Low
Thailand,National Father's Day (Observed),Low
Azerbaijan,National Flag Day,Low
Azerbaijan,National Flag Day (Observed),Low
Japan,National Foundation Day,Low
Japan,National Foundation Day (Observed),Low
Korea,National Founding Day - Gaecheonjeol,Low
Philippines,National Heroes Day,Low
Angola,National Heroes' Day,Low
Jamaica,National Heroes' Day,Low
Angola,National Heroes' Day (Observed),Low
Hungary,National Holiday,Low
Poland,National Holiday,Low
Spain,National Holiday,Low
Greece,National Holiday,Low
Monaco,National Holiday,Low
Brunei,National Holiday (Observed),Low
Bahrain,National Holiday (Observed),Low
Japan,National Holiday,Low
Moldova,National Language Day,Low
Canada,National Patriots' Day (Quebec),Low
Slovenia,National Resistance Day,Low
Azerbaijan,National Salvation Day,Low
Azerbaijan,National Salvation Day (Observed),Low
Turkey,National Sovereignty and Children's Day,Low
Qatar,National Sports Day,Low
Yemen,National Unity Day,Low
Albania,National Youth Day,Low
Bosnia and Herzegovina,Nativity of Mary,Low
Bosnia and Herzegovina,Nativity of the Theotokos,Low
Iran,Nature Day,Low
Kazakhstan,Nauryz Meyrami,Low
Chile,Naval Glories Day,Low
Albania,Nevruz,Low
Azerbaijan,Novruz Bayram,Low
Canada,Nunavut Day (Nunavut),Low
Canada,Observed Nunavut Day (Nunavut),Low
Brunei,Nuzul al-Quraan,Low
Brunei,Nuzul al-Quraan (Observed),Low
Ireland,October Bank Holiday,Low
Yemen,October Revolution,Low
Belarus,October Revolution Day,Low
Thailand,Ok Phansa (End of Buddhist Lent),Low
Canada,Orangemen's Day (Newfoundland and Labrador),Low
Brazil,Our Lady of Aparecida,Low
Mexico,Our Lady of Guadalupe,Low
Andorra,Our Lady of Meritxell,Low
Chile,Our Lady of Mount Carmel,Low
Costa Rica,Our Lady of the Angels,Low
Colombia,Palm Sunday,Low
Denmark,Palm Sunday,Low
Lithuania,Palm Sunday,Low
Norway,Palm Sunday,Low
Puerto Rico,Palm Sunday,Low
Uruguay,Palm Sunday,Low
Venezuela,Palm Sunday,Low
Christian Religious Holidays,Palm Sunday - Eastern,Low
Christian Religious Holidays,Palm Sunday - Western,Low
Honduras,Panamerican Day,Low
Lithuania,Pancake Day,Low
Congo (Democratic Republic of),Parents' Day,Low
Congo (Democratic Republic of),Parents' Day (Observed),Low
China,Party's Day,Low
Angola,Peace Day,Low
Angola,Peace Day (Observed),Low
Belgium,Pentecost,Low
France,Pentecost,Low
Poland,Pentecost,Low
Sweden,Pentecost,Low
Macedonia FYRO,Pentecost,Low
Cyprus,Pentecost,Low
Romania,Pentecost,Low
Ukraine,Pentecost,Low
Belgium,Pentecost Monday,Low
France,Pentecost Monday,Low
Cyprus,Pentecost Monday,Low
Romania,Pentecost Monday,Low
Ukraine,Pentecost Monday,Low
Philippines,People Power Day,Low
Japan,People's Day,Low
Iraq,Pesach,Low
Jewish Religious Holidays,Pesach,Low
Jewish Religious Holidays,Pesach Yom Tov (2nd Day-outside Israel),Low
Jewish Religious Holidays,Pesach Yom Tov Ha'aharon (outside Israel),Low
Denmark,Prayer Day,Low
Vietnam,President Ho Chi Minh's Birthday,Low
Korea,Presidential Election Day,Low
Puerto Rico,Presidents' Day,Low
Equatorial Guinea,President's Day,Low
Equatorial Guinea,President's Day (Observed),Low
Netherlands,Prince's Day,Low
Algeria,Prophet Mohammed's Birthday,Meduim
Bosnia and Herzegovina,Prophet Mohammed's Birthday,Meduim
Brunei,Prophet Mohammed's Birthday,Meduim
Egypt,Prophet Mohammed's Birthday,Meduim
Islamic (Sunni) Religious Holidays,Prophet Mohammed's Birthday,Meduim
Jordan,Prophet Mohammed's Birthday,Meduim
Kuwait,Prophet Mohammed's Birthday,Meduim
Malaysia,Prophet Mohammed's Birthday,Meduim
Morocco,Prophet Mohammed's Birthday,Meduim
Nigeria,Prophet Mohammed's Birthday,Meduim
Oman,Prophet Mohammed's Birthday,Meduim
Pakistan,Prophet Mohammed's Birthday,Meduim
Philippines,Prophet Mohammed's Birthday,Meduim
Syria,Prophet Mohammed's Birthday,Meduim
Tunisia,Prophet Mohammed's Birthday,Meduim
United Arab Emirates,Prophet Mohammed's Birthday,Meduim
Bahrain,Prophet Mohammed's Birthday (Observed),Meduim
Morocco,Prophet Mohammed's Birthday (2nd Day),Meduim
Nigeria,Prophet Mohammed's Birthday (Observed),Meduim
Islamic (Shia) Religious Holidays,Prophet Mohammed's Birthday,Meduim
Oman,Prophet Mohammed's Birthday (Observed),Meduim
Iran,Prophet Mohammed's Birthday,Meduim
Brunei,Prophet Mohammed's Birthday (Observed),Meduim
Lebanon,Prophet Mohammed's Birthday (Observed),Meduim
Bahrain,Prophet Mohammed's Birthday (Shia),Meduim
Iraq,Prophet Mohammed's Birthday (Shia),Meduim
Lebanon,Prophet Mohammed's Birthday (Shia),Meduim
Yemen,Prophet Mohammed's Birthday (Shia),Meduim
Bahrain,Prophet Mohammed's Birthday (Sunni),Meduim
Iraq,Prophet Mohammed's Birthday (Sunni),Meduim
Lebanon,Prophet Mohammed's Birthday (Sunni),Meduim
Yemen,Prophet Mohammed's Birthday (Sunni),Meduim
Jewish Religious Holidays,Purim,Low
Jewish Religious Holidays,Purim Katan,Low
Canada,Quebec National Day - St. John the Baptist Day (Quebec),Low
Canada,Observed Quebec National Day - St. John the Baptist Day (Quebec),Low
Netherlands,Queen's Birthday,Low
New Zealand,Queen's Birthday,Low
Australia,Queen's Birthday (except Queensland and Western Australia),Low
Australia,Queen's Birthday (Queensland),Low
Australia,Queen's Birthday (Western Australia),Low
Azerbaijan,Ramazan,Low
Azerbaijan,Ramazan (2nd Day),Low
Turkey,Ramazan Bayramı (1st Day),Low
Turkey,Ramazan Bayramı (2nd Day),Low
Turkey,Ramazan Bayramı (3rd Day),Low
Germany,Reformation Day,Low
Slovenia,Reformation Day,Low
Chile,Reformation Day,Low
Estonia,Re-Independence Day,Low
Vietnam,Remembrance Day,Low
Serbia,Remembrance Day,Low
Slovenia,Remembrance Day,Low
Canada,Remembrance Day,Low
Oman,Renaissance Day,Low
Oman,Renaissance Day (Observed),Low
India,Republic Day,Low
Azerbaijan,Republic Day,Low
Italy,Republic Day,Low
Iraq,Republic Day,Low
Tunisia,Republic Day,Low
Macedonia FYRO,Republic Day,Low
Trinidad and Tobago,Republic Day,Low
Portugal,Republic Day,Low
Turkey,Republic Day,Low
Brazil,Republic Day,Low
Malta,Republic Day,Low
Macedonia FYRO,Republic Day (Observed),Low
Azerbaijan,Republic Day (Observed),Low
Trinidad and Tobago,Republic Day (Observed),Low
Turkey,Republic Day Eve,Low
Lebanon,Resistance and Liberation Day,Low
Lebanon,Resistance and Liberation Day (Observed),Low
Japan,Respect for the Aged Day,Low
Dominican Republic,Restoration Day,Low
Latvia,Restoration of Independence of the Republic of Latvia Day,Low
Latvia,Restoration of Independence of the Republic of Latvia Public Holiday,Low
Romania,Reunion Day,Low
Tunisia,Revolution and Youth Day,Low
Syria,Revolution Day,Meduim
Macedonia FYRO,Revolution Day,Meduim
Guatemala,Revolution Day,Meduim
Islamic (Shia) Religious Holidays,Hijri New Year,Low
Islamic (Sunni) Religious Holidays,Hijri New Year,Low
Jordan,Hijri New Year,Low
Kuwait,Hijri New Year,Low
Lebanon,Hijri New Year,Low
Morocco,Hijri New Year,Low
Oman,Hijri New Year,Low
Philippines,Hijri New Year,Low
Syria,Hijri New Year,Low
Tunisia,Hijri New Year,Low
Algeria,Revolution Day,Meduim
United Arab Emirates,Hijri New Year,Low
Yemen,Hijri New Year,Low
Canada,Day After New Year's Day (Quebec),Low
New Zealand,Day after New Year's Day,Low
China,Chinese New Year's Eve,High
Macao S.A.R.,Chinese New Year Eve,High
Brunei,Chinese New Year (Observed),Meduim
Macedonia FYRO,Revolution Day (Observed),Meduim
Morocco,Revolution of the King and the People,Meduim
Philippines,Rizal Day,Low
Peru,Rose of Lima Day,Low
Jewish Religious Holidays,Rosh Hashanah (1st Day),Low
Jewish Religious Holidays,Rosh Hashanah (2nd Day),Low
Russia,Russia Day,Low
Russia,Russia Day (Observed),Low
Colombia,Sacred Heart of Jesus,Low
Macedonia FYRO,Saint Clement of Ohrid Bank Holiday,Low
Holy See (Vatican City),Saint George,Low
Holy See (Vatican City),Saint Joseph the Worker,Low
Spain,Saint Joseph's Day,Low
Lebanon,Saint Maron (Observed),Low
Congo (Democratic Republic of),Saint Paul's Day,Low
Monaco,Sainte-Dévote,Low
Venezuela,Símon Bolívar Day,Low
Argentina,San Martín National Patriot Day,Low
Nicaragua,Sandinista Revolution Anniversary,Low
Hong Kong S.A.R.,Second week-day after Christmas Day,Low
Panama,Separation Day,Low
Yemen,September Revolution,Low
Malta,Sette Giugno,Low
Japan,Shōwa Day,Low
Japan,Shōwa Day (Observed),Low
Pakistan,Shab-e-Miraj,Low
Egypt,Sham el-Nessim,Low
Jewish Religious Holidays,Shavuot,Low
Jewish Religious Holidays,Shavuot Yom Tov (2nd Day-outside Israel),Low
Jewish Religious Holidays,Shmini Atzeret - Simchat Torah (Israel),Low
Jewish Religious Holidays,Shmini Atzeret (outside Israel),Low
Liechtenstein,Shrove Tuesday,Low
Panama,Shrove Tuesday,Low
Poland,Shrove Tuesday,Low
Jewish Religious Holidays,Shushan Purim,Low
Hong Kong S.A.R.,Chinese New Year (4th Day),High
Macao S.A.R.,Chinese New Year (4th Day),High
China,Chinese New Year (3rd Day),High
Jewish Religious Holidays,Shvii of Pesach,Low
Ecuador,Simón Bolivar Day,Low
Jewish Religious Holidays,Simchat Torah (outside Israel),Low
Egypt,Sinai Liberation Day,Low
China,Slight Cold,Low
China,Slight Heat,Low
Slovakia,Slovak National Uprising,Low
Holy See (Vatican City),Solemnity of Mary Mother of God,Low
Thailand,Songkran Festival,Low
Thailand,Songkran Festival (Observed),Low
Montenegro,Sovereignty Day of Montenegro,Low
Montenegro,Sovereignty Day of Montenegro (2nd Day),Low
Serbia,Sovereignty Day of Serbia,Low
Serbia,Sovereignty Day of Serbia (Observed),Low
Japan,Sports Day,Low
Russia,Spring and Labor Day,Low
Russia,Spring and Labor Day (Observed),Low
United Kingdom,Spring Bank Holiday,Low
China,Spring Begins,Low
Trinidad and Tobago,Spritual Baptist Day,Low
Trinidad and Tobago,Spritual Baptist Day (Observed),Low
Georgia,St. Andrew,Low
Romania,St. Andrew's Day,Low
United Kingdom,St. Andrew's Day (Scotland),Low
United Kingdom,St. Andrew's Day (Scotland) (Observed),Low
Switzerland,St. Berchtold,Low
Andorra,St. Carlos Borromeo,Low
Macedonia FYRO,St. Clement of Ohrid,Low
Macedonia FYRO,St. Cyril and St. Methodius,Low
Czechia,St. Cyril and St. Methodius,Low
Slovakia,St. Cyril and St. Methodius,Low
Macedonia FYRO,St. Cyril and St. Methodius (Observed),Low
Bulgaria,St. Cyril and St. Methodius Day (Education & Culture Day),Low
Bosnia and Herzegovina,St. Demetrius' Day,Low
Bosnia and Herzegovina,St. Elijah's Day,Low
Georgia,St. George,Low
Bosnia and Herzegovina,St. George's Day,Low
Canada,St. George's Day (Newfoundland and Labrador),Low
Andorra,St. John,Low
Latvia,St. John,Low
Puerto Rico,St. John the Baptist,Low
Liechtenstein,St. Joseph,Low
Colombia,St. Joseph,Low
Hong Kong S.A.R.,Chinese New Year (3rd Day),High
Macao S.A.R.,Chinese New Year (3rd Day),High
China,Chinese New Year (2nd Day),High
Switzerland,St. Joseph's Day,Low
Sweden,St. Lucia,Low
Lebanon,St. Maron,Low
Belgium,St. Nicholas,Low
Hungary,St. Nicholas,Low
Netherlands,St. Nicholas' Eve,Low
Ireland,St. Patrick's Day,Meduim
United Kingdom,St. Patrick's Day (N. Ireland),Meduim
Hong Kong S.A.R.,Chinese New Year (2nd Day),High
United States,St. Patrick's Day,Meduim
Canada,St. Patrick's Day (Newfoundland and Labrador),Meduim
United Kingdom,St. Patrick's Day (N. Ireland) (Observed),Meduim
Ireland,St. Patrick's Day Bank Holiday,Low
Peru,St. Peter and St. Paul,Low
Switzerland,St. Peter and St. Paul,Low
Macao S.A.R.,Chinese New Year (2nd Day),High
Malaysia,Chinese New Year (2nd Day),Meduim
Chile,St. Peter and St. Paul,Low
Singapore,Chinese New Year (2nd Day),Meduim
Colombia,St. Peter and St. Paul,Low
China,Chinese New Year (1st Day),High
Venezuela,St. Peter and St. Paul Bank Holiday,Low
Bosnia and Herzegovina,St. Peter's Day,Low
Serbia,St. Sava,Low
Hungary,St. Stephen's Day,Low
Andorra,St. Stephen's Day,Low
Austria,St. Stephen's Day,Low
Christian Religious Holidays,St. Stephen's Day,Low
Croatia,St. Stephen's Day,Low
Czechia,St. Stephen's Day,Low
Finland,St. Stephen's Day,Low
Holy See (Vatican City),St. Stephen's Day,Low
Ireland,St. Stephen's Day,Low
Italy,St. Stephen's Day,Low
Liechtenstein,St. Stephen's Day,Low
Luxembourg,St. Stephen's Day,Low
Netherlands,St. Stephen's Day,Low
San Marino,St. Stephen's Day,Low
Switzerland,St. Stephen's Day,Low
Ireland,St. Stephen's Day Bank Holiday,Low
Serbia,St. Vitus,Low
Bosnia and Herzegovina,St. Vitus's Day,Low
Brunei,Start of Ramadan,Meduim
Islamic (Shia) Religious Holidays,Start of Ramadan,Meduim
Islamic (Sunni) Religious Holidays,Start of Ramadan,Meduim
Nigeria,Start of Ramadan,Meduim
Pakistan,Start of Ramadan,Meduim
Brunei,Start of Ramadan (Observed),Meduim
Lithuania,State Day,Low
Croatia,Statehood Day,Low
Bosnia and Herzegovina,Statehood Day (Bosnia and Herzegovina),Low
China,Stopping the Heat,Low
Jewish Religious Holidays,Sukkot,Low
Iraq,Sukkot,Low
Jewish Religious Holidays,Sukkot Yom Tov (2nd Day-outside Israel),Low
Oman,Sultan's Birthday,Low
Oman,Sultan's Birthday (Observed),Low
China,Summer Begins,Low
Albania,Summer Day,Low
China,Summer Solstice,Low
Georgia,Svetickhovloba,Low
Jewish Religious Holidays,Taanit Ester,Low
Vietnam,Tết (2nd Day),Low
Vietnam,Tết (3rd Day),Low
Vietnam,Tết (4th Day),Low
Vietnam,Tết (Observed),Low
Iran,Tasua,Low
Puerto Rico,Tax Day,Low
United States,Tax Day,Low
Thailand,Teacher's Day,Low
China,Teacher's Day,Low
Honduras,Teacher's Day,Low
Vietnam,Teacher's Day,Low
Singapore,Teacher's Day,Low
United States,Thanksgiving Day,High
Canada,Thanksgiving Day,High
Puerto Rico,Thanksgiving Day,High
Hong Kong S.A.R.,The Day following the Chinese Mid-Autumn Festival,Low
China,The Rains,Low
Malaysia,The Yang di-Pertuan Agong's Birthday,Low
Puerto Rico,Three Kings Day,Low
Puerto Rico,Three Kings Eve,Low
Hong Kong S.A.R.,Chinese New Year (1st Day),High
Macao S.A.R.,Chinese New Year (1st Day),High
Brazil,Tiradentes Day,Low
Jewish Religious Holidays,Tisha BeAv,Low
China,Tomb Sweeping Day (Ching Ming Festival),Low
Mexico,Transmission of the Federal Executive Power,Low
Jewish Religious Holidays,Tu BeShevat,Low
Hong Kong S.A.R.,Tuen Ng Festival,Low
Macao S.A.R.,Tung Ng Festival,Low
Sweden,Twelfth Night,Low
Belarus,Union Day of Belarus and Russia,Low
Hungary,Valentine's Day,Meduim
Puerto Rico,Valentine's Day,Meduim
South Africa,Valentine's Day,Meduim
United States,Valentine's Day,Meduim
China,Vernal Equinox,Low
Japan,Vernal Equinox Day,Low
Japan,Vernal Equinox Day (Observed),Low
Singapore,Vesak Day,Low
Puerto Rico,Veteran's Day,Meduim
United States,Veteran's Day,Meduim
United States,Veteran's Day (Observed),Meduim
Puerto Rico,Veteran's Day (Observed),Meduim
Canada,Victoria Day (many provinces),Low
Armenia,Victory and Peace Day,Low
France,Victory Day,Meduim
Azerbaijan,Victory Day,Meduim
Belarus,Victory Day,Meduim
Georgia,Victory Day,Meduim
Kazakhstan,Victory Day,Meduim
Moldova,Victory Day,Meduim
Russia,Victory Day,Meduim
Ukraine,Victory Day,Meduim
Estonia,Victory Day,Meduim
Turkey,Victory Day,Meduim
Azerbaijan,Victory Day (Observed),Meduim
Kazakhstan,Victory Day (Observed),Meduim
Russia,Victory Day (Observed),Meduim
Ukraine,Victory Day (Observed),Meduim
Bosnia and Herzegovina,Victory Day (Republika Srpska),Meduim
Vietnam,Vietnamese Family Day,Low
Vietnam,Vietnamese Women's Day,Low
Holy See (Vatican City),Vigil of Assumption,Low
Georgia,Virgin Mary,Low
Slovakia,Virgin Mary of the Seven Sorrows,Low
Paraguay,Virgin of Caacupé,Low
Honduras,Virgin of Suyapa,Low
Thailand,Visakha Bucha Day,Meduim
Thailand,Visakha Bucha Day (Observed),Meduim
Puerto Rico,Vote Election's Day,Low
New Zealand,Waitangi Day,Low
Sweden,Walpurgis Night,Low
Malaysia,Chinese New Year (1st Day),Meduim
Singapore,Chinese New Year (1st Day),Meduim
United States,Presidents' Day,Low
Malaysia,Wesak Day,Low
Moldova,Western Christmas,Low
Andorra,Whit Monday,Meduim
Austria,Whit Monday,Meduim
Denmark,Whit Monday,Meduim
Germany,Whit Monday,Meduim
Hungary,Whit Monday,Meduim
Iceland,Whit Monday,Meduim
Liechtenstein,Whit Monday,Meduim
Luxembourg,Whit Monday,Meduim
Monaco,Whit Monday,Meduim
Netherlands,Whit Monday,Meduim
Norway,Whit Monday,Meduim
Switzerland,Whit Monday,Meduim
Andorra,Whit Sunday,Meduim
Austria,Whit Sunday,Meduim
Christian Religious Holidays,Whit Sunday,Meduim
Denmark,Whit Sunday,Meduim
Estonia,Whit Sunday,Meduim
Finland,Whit Sunday,Meduim
Germany,Whit Sunday,Meduim
Hungary,Whit Sunday,Meduim
Iceland,Whit Sunday,Meduim
Latvia,Whit Sunday,Meduim
Liechtenstein,Whit Sunday,Meduim
Luxembourg,Whit Sunday,Meduim
Monaco,Whit Sunday,Meduim
Netherlands,Whit Sunday,Meduim
Norway,Whit Sunday,Meduim
Slovenia,Whit Sunday,Meduim
Thailand,Chinese New Year (1st Day),Meduim
Brunei,Chinese New Year,Meduim
Switzerland,Whit Sunday,Meduim
China,White Dews,Low
Sweden,Whitsun Eve,Low
China,Winter Begins,Low
Bolivia,Winter Solstice,Low
China,Winter Solstice,Low
Macao S.A.R.,Winter Solstice,Low
Angola,Women's Day,Low
Armenia,Women's Day,Low
Azerbaijan,Women's Day,Low
Belarus,Women's Day,Low
China,Women's Day,Low
Georgia,Women's Day,Low
Hungary,Women's Day,Low
Moldova,Women's Day,Low
Vietnam,Women's Day,Low
South Africa,Women's Day,Low
Tunisia,Women's Day,Low
Azerbaijan,Women's Day (Observed),Low
Angola,Women's Day (Observed),Low
South Africa,Women's Day (Observed),Low
Malta,Worker's Day,Low
Nigeria,Worker's Day,Low
South Africa,Worker's Day,Low
Nigeria,Worker's Day (Observed),Low
South Africa,Worker's Day (Observed),Low
Paraguay,Year End Bank Holiday,Low
Algeria,Yennayer,Low
Israel,Yizhak Rabin Memorial Day,Low
Israel,Yom Haatzmaut,Low
Israel,Yom Hashoah,Low
Israel,Yom Hazikaron,Low
Iraq,Yom Kippur,Low
Jewish Religious Holidays,Yom Kippur,Low
Israel,Yom Yerushalaim,Low
Venezuela,Youth Day,Low
China,Youth Day,Low
South Africa,Youth Day,Low
Philippines,Chinese New Year,Meduim
Morocco,Youth Day,Low
Singapore,Youth Day,Low
South Africa,Youth Day (Observed),Low
